UserId,degree,betweenness,closeness,eigenvector
1,17,7.188156827027331,0.45148247978436656,0.012776646288453488
2,27,36.07897349358435,0.34679089026915116,0.0006094361694552093
3,35,30.192266500277352,0.4592186429061001,0.02341475931933798
4,50,75.92750409036341,0.47788873038516405,0.024129020981392912
5,38,22.33047398007313,0.45733788395904434,0.03251786900934956
6,39,20.08862601902637,0.4649548924358085,0.02918914151180947
7,29,244.26382704271708,0.4102878138395591,0.0027456187427231447
8,40,17.19925480214144,0.44253632760898287,0.033019818396762324
9,23,8.84440223061884,0.4267515923566879,0.009991570288312174
10,30,19.360620104508172,0.44400265076209405,0.015620875429425796
11,41,66.28847021999984,0.46398891966759004,0.027171034235358896
12,37,22.96884826355155,0.47450424929178464,0.02459944767000309
13,39,48.1501767025641,0.46238785369220153,0.024169834018951793
14,19,3.6851517158294196,0.4286628278950736,0.010642165410826456
15,351,13001.320570598378,0.6220984215413184,0.16987501427487428
16,33,6.788718290812217,0.4502688172043011,0.02766709964023279
17,97,265.8156837696285,0.5007473841554558,0.07171104550139788
18,23,38.82406234259946,0.36813186813186816,0.0015622808693558892
19,99,2647.347472879221,0.48869438366156087,0.022307471377692133
20,53,77.87176546519429,0.4806312769010043,0.03790830538834851
21,30,86.87412798920008,0.4128157732593962,0.004576063837731599
22,64,73.7581960479812,0.4848046309696093,0.05119008029475674
23,161,1141.8491391196335,0.5271439811172305,0.10189009628829558
24,15,28.729886904031922,0.3473302229134267,0.0010022017263210672
25,21,253.94842388422728,0.4347826086956522,0.004059250421086686
26,64,58.865456767465226,0.44341495698213107,0.03828055080800384
27,16,2.043938691142425,0.41796631316281974,0.00775501318086966
28,26,35.81359198169673,0.43086816720257237,0.01009204885999819
29,27,27.988342291179553,0.46238785369220153,0.020612739831991893
30,178,3226.265162045083,0.554635761589404,0.0806444876714524
31,40,25.574243023525348,0.44341495698213107,0.0288761028504345
32,14,4.277394596509791,0.3500522466039708,0.00035574020406098215
33,60,45.49475771623208,0.48905109489051096,0.0459685884458486
34,53,60.30538117255495,0.4738330975954739,0.02779602268283425
35,33,16.523538600489623,0.4611149346180317,0.025395445707398656
36,58,893.4556117209319,0.410790925812385,0.004442427230013499
37,30,6.921078203670394,0.45331529093369416,0.019728881679834758
38,67,153.67480278229846,0.475514549325763,0.043343584101869954
39,27,664.0962622079766,0.43086816720257237,0.00255217319159704
40,18,1.8117016064868303,0.41205412054120544,0.01121245868213749
41,83,233.29225305269327,0.49629629629629635,0.06062171993495128
42,18,3.2784997671314344,0.3781038374717833,0.00784347065083616
43,50,48.99251454961816,0.47017543859649125,0.02613381069418017
44,13,8.965254616915582,0.3437660338635198,0.0004945515212573442
45,16,1.3790997692132272,0.41409147095179233,0.013422196725507235
46,47,60.88653904744328,0.46366782006920415,0.03262067058617365
47,16,5.188291825926497,0.3290766208251473,0.0002738955868156756
48,134,620.6819487192186,0.4851556842867487,0.07085896358349009
49,50,150.3383492387771,0.4926470588235294,0.0337715344990945
50,13,15.37835456763613,0.3515215110178384,0.00045309061541927014
51,19,10.103623690694647,0.4484605087014726,0.011167367375959298
52,52,68.74083245359108,0.47788873038516405,0.0433499338853978
53,33,58.89888327514493,0.469187675070028,0.01699357401586559
54,42,25.848338094718226,0.43733681462140994,0.02851310325833398
55,15,5.711169587201581,0.3493222106360792,0.0009157606470681095
56,103,838.4397948277073,0.5014970059880239,0.059366679421337186
57,50,101.14754376508016,0.4502688172043011,0.01806352495288599
58,44,22.72034583045268,0.4502688172043011,0.02138050491178402
59,22,2.575042991050339,0.41205412054120544,0.018014604405194215
60,41,8.233547790749093,0.45702592087312416,0.033596996200012615
61,71,135.41945987676556,0.48976608187134496,0.051695606661861335
62,38,35.00686785690029,0.4297626683771648,0.019331697506115603
63,43,108.4380788210709,0.48833819241982507,0.035400648509897624
64,12,4.4074542823634815,0.34218590398365684,0.00024119172301713564
65,18,3.9592126490821173,0.41409147095179233,0.0085148544884853
66,27,6.669791753609829,0.43086816720257237,0.013112082463645758
67,40,708.9652941685079,0.4630269523151348,0.007725593118385728
68,72,146.63879059259108,0.48727272727272725,0.048322502838503804
69,54,71.20903751250319,0.4652777777777778,0.035067451053857654
70,41,293.84641976312776,0.40119760479041916,0.00341407856671565
71,20,5.553071305785953,0.4604810996563574,0.01345981534651914
72,45,60.64117141607186,0.4454787234042553,0.02239617154061189
73,287,7731.032601359321,0.5846422338568935,0.13686235730324525
74,31,26.012014900405163,0.45148247978436656,0.013436875860982649
75,68,91.68575500566101,0.47619047619047616,0.052270409598743864
76,33,18.089421144791423,0.4530087897227857,0.02673187782439843
77,91,217.9448157380474,0.49337260677466865,0.06680953654232004
78,105,357.78827621431026,0.48445408532176426,0.06038029960878701
79,36,29.556889605921725,0.45827633378932964,0.027566237729302494
80,31,111.32863698114883,0.3677277716794731,0.0013668946057237103
81,66,104.21308448789668,0.4685314685314685,0.045954632527244126
82,14,9.950731705778544,0.3353353353353353,0.0002544180835129225
83,71,135.69110117601946,0.4862119013062409,0.054797493000717686
84,57,98.45537111043228,0.43506493506493504,0.030172444411402377
85,48,670.0263198998684,0.38705950317735416,0.002064519661982342
86,78,5168.807370365203,0.4851556842867487,0.01412383937037944
87,20,86.20097724645183,0.40434520217260106,0.0023204388568940732
88,66,91.44660144521482,0.47017543859649125,0.04526093443275271
89,32,16.678685188921655,0.4305912596401028,0.021674345149383975
90,24,71.79546036240248,0.4410796576695194,0.006046035046074519
91,58,592.8961841895691,0.4708362614195362,0.028303348266684448
92,37,413.9045379985797,0.41358024691358025,0.003191721582867828
93,43,42.05431911420476,0.45733788395904434,0.028425104078604314
94,66,107.14193374730583,0.4741684359518754,0.0432827076393257
95,88,182.60764769493264,0.5,0.060346593978659255
96,52,61.84621867095588,0.4789135096497498,0.037689920312888765
97,53,48.524103911560985,0.43365695792880254,0.02522684028912202
98,39,26.797081701818744,0.427568602425016,0.02129939668934734
99,85,510.2833722032825,0.49777117384843983,0.04089494726994265
100,9,4.325878104239684,0.3442959917780062,0.0006738415522889195
101,32,15.789947722050586,0.4300385109114249,0.021636971985738135
102,104,646.7079183953855,0.5118411000763942,0.04779071188738707
103,54,36.38077864163023,0.4765291607396871,0.04394777390863486
104,33,62.86983316155029,0.44341495698213107,0.02024153297769488
105,137,536.7820911023723,0.5169753086419753,0.09060080207863122
106,33,11.047947263762975,0.4523970290344362,0.02814744059339461
107,25,4.860861845974592,0.41770573566084784,0.01543970839584766
108,14,4.558711159024829,0.3318474492322932,0.0002681951167124624
109,20,2.907550739050655,0.4058146577831617,0.015704013932192583
110,50,375.8283973796473,0.3740926856504746,0.001870582674108259
111,101,269.26750883768494,0.5041384499623777,0.0741340967333724
112,17,13.088632234377933,0.35714285714285715,0.0008437667750289998
113,16,13.903443236482513,0.3653217011995638,0.0010788201226999826
114,6,2.584855701048222,0.32088122605363983,0.00012735438632453986
115,28,14.027726650173037,0.4601648351648352,0.019695341978684985
116,16,1.1601705872959827,0.37960339943342775,0.01088499865639556
117,45,35.951174921800686,0.4428288169200264,0.030754016888566743
118,63,101.84440817134461,0.475514549325763,0.027944313975195124
119,149,2595.7471698581535,0.5425101214574899,0.060181577519247964
120,69,103.1490298916432,0.48028673835125446,0.05135492733131895
121,28,104.37636964374803,0.3649237472766884,0.0010288266636501282
122,16,249.0694388360119,0.3927315357561547,0.0015338302625794349
123,30,6.07025893714686,0.46820405310971347,0.024388915808454214
124,28,10.193268018921092,0.4272959183673469,0.019564769078783337
125,66,87.15911118568805,0.453929539295393,0.04041091988544587
126,15,8.778039435333651,0.35170603674540685,0.00046395744248295065
127,13,10.968189219239193,0.3520756699947451,0.0005087095540654212
128,88,309.0491592468547,0.5030030030030029,0.06272290721664353
129,27,6.0021416499507305,0.4520917678812416,0.016528043431483026
130,87,198.89118398247578,0.4955621301775148,0.06641135225983412
131,32,11.47472005396084,0.4708362614195362,0.024334567666749837
132,58,84.694796273442,0.475514549325763,0.0431767728477884
133,77,158.51720539953251,0.46366782006920415,0.04533750080090709
134,89,443.49889228143485,0.48905109489051096,0.053199638132943365
135,24,503.6637166747038,0.45640326975476836,0.0045842938946481365
136,42,37.33912362141834,0.4322580645161291,0.025573248908240184
137,37,25.417158996128826,0.4505716207128447,0.017404616849877663
138,36,21.29926989497818,0.42059008160703076,0.018427430610009576
139,40,17.949484392732877,0.47517730496453897,0.03395082985389455
140,45,70.13066985563368,0.4656011118832522,0.030626392988645185
141,42,89.66464801774748,0.4748405386250886,0.023516814668031506
142,36,8.407787220125813,0.469187675070028,0.027980004237027883
143,38,30.818456477096476,0.4643104643104643,0.032874131586010824
144,9,1.7415213602290336,0.33872598584428715,0.00017583829007184834
145,14,15.097088446881926,0.34553893759669935,0.0005432141268947588
146,37,31.37248290793059,0.4208542713567839,0.023153313303397767
147,39,14.556373587310576,0.4243191893603547,0.025805848751454787
148,56,42.0359732169345,0.4834054834054834,0.04271550094703747
149,79,193.23233144572237,0.4499664204163868,0.03983177107815908
150,111,427.4087257743236,0.5071915215745647,0.07891800518649895
151,16,20.848978801381126,0.3425357873210634,0.00045960301443638134
152,68,95.79852109169406,0.44966442953020136,0.04173443101654053
153,35,13.630153372258903,0.4724964739069111,0.02787307016744896
154,27,57.88590148150651,0.3695532266960838,0.001623698898461687
155,26,13.800214599188537,0.4472630173564753,0.012131268604084162
156,37,25.978006830275078,0.4630269523151348,0.02639354417902085
157,107,335.4052825343985,0.4785714285714286,0.061191954513658664
158,24,8.937080006294382,0.45362220717670954,0.019479675847289595
159,72,151.98421468601984,0.49084249084249076,0.05407976918333806
160,39,23.344499968264174,0.4668989547038328,0.021619049049165968
161,32,129.07574510927353,0.3556263269639066,0.0005460739312192745
162,19,109.93750227158752,0.4060606060606061,0.002486254665599918
163,57,87.38869523799183,0.44253632760898287,0.034865948510926593
164,43,17.701785267853882,0.45702592087312416,0.033090791499833155
165,117,478.3332234487484,0.5095057034220533,0.0799770978657199
166,28,8.607385625249085,0.4728299223712068,0.02571884006094078
167,17,4.13359059381302,0.4130702836004932,0.007212615013793952
168,47,730.3661865980663,0.4410796576695194,0.007419314615464837
169,61,701.7139715067788,0.4799426934097421,0.043320577749618214
170,31,20.570948535499344,0.45516304347826086,0.02006228927430921
171,27,8.599864454825868,0.4367666232073012,0.012957143214856822
172,19,27.587024519226446,0.3530031612223393,0.0005176139160129845
173,21,24.235585809888956,0.4041013268998794,0.004483809345218542
174,24,5.259300245189238,0.4431216931216931,0.017333736718948695
175,56,51.633489036605766,0.48585931834662804,0.044143108116865865
176,89,157.114040108896,0.46366782006920415,0.05536055282381039
177,73,1037.8339872024753,0.4988830975428146,0.020678466175095778
178,63,74.9233591001773,0.4484605087014726,0.03686741899376358
179,23,11.13586368846016,0.42138364779874216,0.01337005957957445
180,17,5.629468090287632,0.4325371207230471,0.009045246102571694
181,18,1.2048718946239751,0.4016786570743405,0.014360445934402706
182,68,3461.7426790843365,0.464632454923717,0.009092192459030497
183,30,9.839740492271492,0.4685314685314685,0.022099058370791378
184,19,9.944379543217542,0.3530031612223393,0.0005115375093871736
185,67,507.75339118835416,0.5041384499623777,0.04305325914333227
186,37,25.054762830296635,0.4208542713567839,0.025001813442317524
187,110,346.668444286922,0.5052790346907994,0.07589981791597894
188,35,190.70905747176792,0.37451089994410286,0.0013264538007309293
189,67,208.10448295916717,0.4912023460410557,0.03458341998756462
190,36,38.57438113079874,0.47216349541930935,0.021288464289803764
191,9,5.205682430742364,0.3284313725490196,0.00014583803743376368
192,26,48.42495994322232,0.34877667881311814,0.0006818378152812519
193,31,9.731676902976082,0.44756179024716103,0.017872881337919373
194,16,23.253905462717235,0.34536082474226804,0.0005276548384707562
195,85,255.8417619780503,0.49703264094955485,0.05082035660993549
196,47,49.32034108657266,0.4734982332155477,0.026783355703044746
197,32,23.447832228784563,0.4668989547038328,0.021462970059477626
198,45,23.545135707481467,0.4799426934097421,0.03699402742145902
199,138,690.5542426521406,0.5037593984962406,0.08111282121568274
200,99,685.1630666072543,0.491562729273661,0.052965075716560395
201,44,31.964242868952947,0.46722454672245467,0.03070076346676464
202,49,21.928249569257204,0.4789135096497498,0.037239835182168966
203,38,49.649044960669485,0.46984572230014027,0.024922841436246145
204,27,2.335601087001377,0.4731638418079096,0.0264179606803633
205,80,312.94629221828956,0.4724964739069111,0.043456122649529604
206,15,2.341095640259822,0.39250146455770357,0.003575574133893934
207,36,32.62779428668568,0.4607977991746905,0.024785706122010916
208,41,32.59790646174432,0.4416611733684905,0.02816517390194828
209,21,10.843233129554655,0.45454545454545453,0.01607801316769721
210,25,3.072543393174392,0.471830985915493,0.022916664964307002
211,41,1328.1786866850173,0.49703264094955485,0.028977513339249392
212,186,1485.5403293936756,0.53728949478749,0.11033451945460822
213,149,1773.144532865207,0.5181747873163186,0.0769903834352365
214,77,199.9563804563535,0.49012435991221653,0.040349174543527204
215,23,58.510068939928686,0.4024024024024024,0.0030857548948026287
216,30,5.500664873287077,0.46592489568845624,0.025417331995890198
217,57,54.76153048566266,0.482361411087113,0.04336817237588313
218,30,20.647087152232654,0.4451827242524917,0.02138776309049332
219,63,183.0408125350506,0.4904831625183016,0.04206982866930011
220,95,451.1867088813381,0.5087319665907365,0.04746797765719866
221,19,2.310698510950225,0.421648835745752,0.012553204422650502
222,44,29.44678166296445,0.46820405310971347,0.02561681960338206
223,24,166.02889861389025,0.43534762833008445,0.0035726374811388332
224,40,1157.976500768362,0.44253632760898287,0.003348468570813157
225,10,8.190995650699431,0.34625322997416025,0.0002916192024896053
226,29,6.52017507016602,0.4381948986265533,0.024910363954073946
227,19,3.390047219374567,0.43309631544925664,0.010749027999514249
228,37,24.85732103928343,0.41053921568627455,0.01779768600650685
229,37,41.60499414661604,0.4560925799863853,0.024392589166702363
230,51,59.887963241445355,0.4396325459317585,0.031213482606795198
231,24,8.97254944694212,0.46398891966759004,0.017630264425204774
232,105,1192.7804742752937,0.5189775367931836,0.04730298718256565
233,17,44.86363281215017,0.3929618768328446,0.0023886826955146745
234,54,41.87607369018412,0.46238785369220153,0.03819066214047439
235,59,58.93428950387577,0.482361411087113,0.04636495310201182
236,82,186.7611397113359,0.49483013293943867,0.05961367505967427
237,19,2.5834123315527195,0.4314230521571153,0.013865578426931521
238,45,30.997394752315866,0.43450064850843056,0.02403493227750766
239,85,221.3717836449867,0.5,0.05452605306613214
240,68,91.37657902576737,0.49012435991221653,0.05370538624689193
241,18,21.764461814731767,0.3609913793103448,0.0009716104648906286
242,61,394.07166964953865,0.4951958610495196,0.029281971043023106
243,82,179.15764884073155,0.4951958610495196,0.059674618745590956
244,39,28.76330075212227,0.427568602425016,0.0208677291635427
245,54,37.44491624474277,0.4830569574621485,0.03794695323983315
246,19,3.371674806932812,0.4272959183673469,0.0091317963986169
247,75,759.041148233942,0.5068078668683812,0.0367160417622479
248,53,27.218859292025602,0.482361411087113,0.04085702609182326
249,7,2.380809748731104,0.3268292682926829,0.0001296191653919423
250,38,44.84940053946427,0.4171855541718555,0.019056662382150747
251,31,20.638606050778776,0.4190118824265166,0.015319701107044665
252,17,74.3252242196513,0.44876088412592097,0.005266839142871796
253,76,184.7870289801656,0.4879825200291333,0.04985360875221129
254,55,2251.6298980642887,0.4731638418079096,0.008862493548995492
255,79,160.09780879085721,0.4789135096497498,0.054122577154942
256,14,3.8737319985591467,0.33499999999999996,0.00041823190742305144
257,59,99.94383007759507,0.46366782006920415,0.03849085714639342
258,17,1.9804553717511897,0.4211187932118165,0.0088254349848631
259,26,8.865666899022356,0.4370515329419439,0.013282087068133372
260,31,12.411936847257698,0.4607977991746905,0.02433859966258714
261,24,4.4934290313699154,0.4530087897227857,0.019413111480531025
262,162,2298.522591405958,0.5263157894736842,0.084281790374316
263,59,60.72261072644027,0.4862119013062409,0.04859512522559082
264,29,6.295238789661773,0.4678770949720671,0.02178707771970118
265,63,172.65157013001811,0.491562729273661,0.03352695381332041
266,13,5.0767935385438845,0.33316757831924415,0.00033130166024047
267,32,8.717327284951498,0.45331529093369416,0.025892063821588283
268,86,263.7583694463232,0.4879825200291333,0.05314924925182596
269,15,4.446168867630431,0.393885949441505,0.0034962270018996594
270,41,35.167853686971455,0.4367666232073012,0.023468376175189015
271,29,7.62614163007033,0.4454787234042553,0.020423300523165103
272,25,3.727070435106132,0.41875,0.015073035765852167
273,32,14.728603250486056,0.42059008160703076,0.015841913053870546
274,28,7.758516109506142,0.4665738161559888,0.022478878521176707
275,64,55.18006332780547,0.44876088412592097,0.040142994739691046
276,24,4.274002916666631,0.3927315357561547,0.015064306419954305
277,27,20.842223399224164,0.42921204356181936,0.013953922881910562
278,41,20.856725023628485,0.4734982332155477,0.028344818111198995
279,12,10.853376619926342,0.3279490944689183,0.0001559596897469379
280,15,2.269069405416225,0.39644970414201186,0.0042138250075952404
281,40,17.44696602250278,0.4708362614195362,0.03391762965087622
282,45,33.556368209219485,0.45827633378932964,0.03354832644876001
283,77,121.01599381760208,0.4799426934097421,0.05729678295716538
284,27,158.84928455201543,0.40023894862604537,0.0024341905014497833
285,87,539.1338474574869,0.5110602593440122,0.04162396149253131
286,33,16.65830905595939,0.4688593421973408,0.0234005390780181
287,63,316.482802623587,0.4728299223712068,0.03795083573555673
288,25,54.299356023683835,0.3498694516971279,0.0007974612478989849
289,24,6.476455361815286,0.41358024691358025,0.01605684090304531
290,58,104.75578343391545,0.43031470777135516,0.029946822221216935
291,49,47.651810224861975,0.4738330975954739,0.03615986670120107
292,87,221.65604638002378,0.49592894152479644,0.06281438119454082
293,41,13.487861689709963,0.4765291607396871,0.033437153610662
294,193,1986.4712248528383,0.5433901054339011,0.11647488658588122
295,68,72.58063622382548,0.48976608187134496,0.05202021558615946
296,29,34.652295057096914,0.458590006844627,0.019577768197232264
297,63,85.20588310396055,0.4656011118832522,0.04115265721373123
298,48,76.93529784830498,0.4161490683229814,0.02061567781388384
299,98,367.12443549260786,0.49629629629629635,0.06816638111790868
300,32,15.316986739712043,0.46238785369220153,0.022014737651977496
301,32,22.44860454244387,0.4589041095890411,0.025580436912296858
302,22,45.27061475432357,0.3607969843834141,0.001007046916574637
303,61,97.9226099930455,0.42593769866497144,0.03301888344373692
304,65,99.18341180884455,0.4731638418079096,0.04310029745349682
305,29,16.463378712190888,0.4604810996563574,0.01492110879206168
306,125,2091.3801509758628,0.5334394904458598,0.045478895049407136
307,47,24.703367395362786,0.4668989547038328,0.038960838421381074
308,25,118.2485205314659,0.4463690872751499,0.006337357736059626
309,51,32.2850608971001,0.47686832740213525,0.042235533572987906
310,26,17.41104195029624,0.4102878138395591,0.014717145832041353
311,229,16585.963576532267,0.600358422939068,0.10735782133044647
312,67,251.8088026666308,0.49629629629629635,0.03546498238596043
313,101,297.28249538619355,0.49814126394052044,0.06959450226680129
314,20,2.3977673036150042,0.4161490683229814,0.01358185793005106
315,39,24.068404458710106,0.4785714285714286,0.03474270890448785
316,40,22.31173732009539,0.42032622333751574,0.01805923976118523
317,7,5.228705252916944,0.3326713008937438,0.00022006980653365698
318,34,588.8390693822558,0.4611149346180317,0.007224612046009045
319,12,1.4312617566319874,0.34877667881311814,0.0003961589710092534
320,50,41.94021405694922,0.41053921568627455,0.02313469188102319
321,34,39.74209630967647,0.4347826086956522,0.012445914440511978
322,32,11.54782526596488,0.45733788395904434,0.018391794958502017
323,18,3.870327381873966,0.4243191893603547,0.01515453893211305
324,65,117.17726724347362,0.4502688172043011,0.03262532604743566
325,30,41.607253908947435,0.45331529093369416,0.01667027905927589
326,25,3.830709460626474,0.42948717948717946,0.012498552426815445
327,41,35.16725933742723,0.4711673699015471,0.030059203049592698
328,76,152.19589186749337,0.48869438366156087,0.0564802761024134
329,11,1.8324660359733724,0.36373507057546145,0.0014125840887329252
330,46,61.668946227927144,0.48028673835125446,0.024918107665417123
331,36,20.842264323033117,0.4322580645161291,0.023268819035063785
332,28,8.267135477476778,0.4325371207230471,0.02379241753031193
333,45,39.62847324441873,0.423246999368288,0.024302183900538288
334,24,6.345220552957521,0.3793884484711212,0.008874828222749964
335,28,12.683082095196095,0.45984900480439256,0.022342675098820482
336,26,3.5887870038846503,0.458590006844627,0.021000491895717358
337,22,43.16626357892191,0.44786096256684493,0.012666321004808
338,28,72.83401706671779,0.3507853403141361,0.0007542516652360179
339,46,61.51069880753484,0.43534762833008445,0.026424466525526435
340,43,27.39997562225067,0.43762246897452645,0.028101903316582664
341,30,22.520628835910564,0.44966442953020136,0.020875837969812443
342,51,99.95513405683405,0.4617505168849069,0.020539057503221866
343,22,27.856921976893258,0.4387688277668631,0.007754512984790455
344,37,635.3891646369768,0.4589041095890411,0.008178315656362053
345,66,98.76320503793163,0.48762736535662293,0.04869361603061159
346,117,605.441721522274,0.5098934550989346,0.07907239582227502
347,14,7.948561542329789,0.41409147095179233,0.0076367637773348115
348,32,23.041870975975165,0.46238785369220153,0.018708793159112294
349,27,2.8351585260744945,0.4708362614195362,0.023608106711165193
350,68,63.95527102499294,0.49084249084249076,0.0500972211273248
351,24,7.206453514627486,0.4502688172043011,0.015280026777151923
352,45,40.573708465233814,0.43393782383419693,0.026183278993390763
353,146,908.2424799962271,0.5205905205905206,0.09292774316615296
354,19,40.58278265288512,0.34805194805194806,0.0006421329548855656
355,77,88.60241095337197,0.48550724637681153,0.059349630271634216
356,27,4.123096189513294,0.43506493506493504,0.0260920481834628
357,15,33.00713887786826,0.3435897435897436,0.00046000625257577166
358,86,495.8378869079007,0.5041384499623777,0.039616467816068125
359,42,37.03321653753803,0.4567143830947512,0.02877788805537174
360,28,5.986293783249212,0.43309631544925664,0.01305420905999512
361,32,163.59280307033387,0.4164077066500932,0.004410649326618024
362,64,120.89096774499988,0.4738330975954739,0.04686379574213816
363,58,458.73852149881986,0.48833819241982507,0.02449671074466338
364,36,57.964228810251434,0.43506493506493504,0.02170254464587448
365,52,60.636901823001274,0.4502688172043011,0.03302980917962391
366,40,32.05365670582037,0.418227215980025,0.02202947785075777
367,102,385.3912856633455,0.5048982667671439,0.0710179256479295
368,26,7.062574244373097,0.4387688277668631,0.013382427001121624
369,9,1.2781955390932036,0.3325062034739454,0.0002806007650706405
370,41,34.68066873855388,0.47585227272727276,0.03060444552554084
371,47,62.93334747384931,0.4396325459317585,0.024476235419884404
372,21,26.52316531936073,0.4472630173564753,0.01031134569594703
373,44,54.08805817872789,0.4328165374677002,0.01512443695775774
374,32,6.243024138260363,0.47450424929178464,0.029503451194584807
375,7,1.9905784401131636,0.33037475345167655,0.0002323503865566553
376,43,29.261004914250865,0.4792560801144492,0.03267361428924617
377,39,23.36698166247344,0.46951646811492637,0.033046182494933976
378,65,164.48201292069194,0.4530087897227857,0.03459207728904369
379,44,22.139248564136363,0.4272959183673469,0.02784606956682544
380,315,11390.765685024757,0.6068840579710145,0.15947356024968748
381,49,18.333617499959036,0.4765291607396871,0.036230433862251755
382,117,484.75116721231376,0.48585931834662804,0.06659575179855497
383,28,104.6265648764137,0.38329519450800914,0.0020481504641763856
384,127,754.2807782829526,0.5141980046047583,0.08581851494048108
385,35,125.08459705981348,0.3641304347826087,0.0010020379066402808
386,58,302.9114286892574,0.49629629629629635,0.04551042505421354
387,74,185.95305948909686,0.49337260677466865,0.04110998688646717
388,215,6252.155392972692,0.5785837651122625,0.11073243467442309
389,17,21.781667216549977,0.34183673469387754,0.0005086575555710694
390,55,956.2516131742393,0.49483013293943867,0.015644652124440585
391,43,260.40296890183185,0.4685314685314685,0.014268246457772386
392,30,11.659760518240258,0.4617505168849069,0.02341053043391166
393,36,8.151292311685882,0.47585227272727276,0.032179300381273375
394,56,109.3316320857829,0.47619047619047616,0.03847451857546179
395,18,1.6836929189393635,0.39691943127962087,0.0072951084633043825
396,64,5212.070941795648,0.4741684359518754,0.0076581561871380014
397,49,53.49144207707693,0.4466666666666667,0.03420712169899719
398,35,19.90347402868965,0.46592489568845624,0.02258843368658205
399,14,6.659807877184547,0.33821302372539125,0.0003774312194674644
400,28,135.9899340308187,0.3414882772680938,0.000422673885207421
401,31,18.20856400080559,0.46951646811492637,0.016864666028808102
402,84,277.74836891996176,0.45953360768175583,0.03933157395927739
403,17,122.60695532049682,0.4325371207230471,0.0042980581560984185
404,33,4.654353932298136,0.46143250688705234,0.02664590804000149
405,131,548.2234926548431,0.5130168453292496,0.08443273691708342
406,43,67.93329867086095,0.44786096256684493,0.026476546911555845
407,117,708.1313897873451,0.5214007782101167,0.06910062652538061
408,61,498.00479744502564,0.49084249084249076,0.022891387921228835
409,20,120.41327384394677,0.37037037037037035,0.0010226358820678194
410,28,8.796371870359959,0.38329519450800914,0.012557131062106864
411,27,8.131374767510273,0.418227215980025,0.011989094284129692
412,72,121.00423926064127,0.48762736535662293,0.04334123812633176
413,19,14.40070502544538,0.35733333333333334,0.0009617275816121409
414,44,37.23225504208933,0.4765291607396871,0.03222786144797317
415,5,0.0,0.3213429256594724,0.00025181401849509835
416,44,1617.4096082792905,0.43848167539267013,0.003311648570798827
417,61,93.45240885098218,0.4792560801144492,0.0446272629896146
418,60,79.25643988349898,0.4795991410164639,0.049039579926558205
419,31,12.488354802231424,0.46238785369220153,0.023125919550946714
420,31,38.10387040317494,0.43086816720257237,0.00874216397506353
421,16,5.231057299774137,0.3500522466039708,0.0003718260599931986
422,54,60.00270079384227,0.481667864845435,0.03189282374091617
423,113,535.5954639453744,0.4922850844966936,0.06507612566018668
424,22,1.5909694767085396,0.44936284372904095,0.019429298510292556
425,25,2.7236392371359996,0.41796631316281974,0.01719385111701983
426,81,130.09745651105357,0.46143250688705234,0.053531215735004696
427,134,1239.3659413522414,0.5185758513931888,0.08470029867131643
428,39,20.29902613003895,0.43619791666666663,0.025723386441056286
429,27,18.485857306786418,0.4576502732240437,0.02259340192088524
430,108,376.10074383087624,0.5052790346907994,0.07661728806173762
431,102,366.32142064042904,0.5026256564141035,0.07225082704464315
432,35,20.845492097825428,0.45485403937542435,0.02735092657911996
433,70,119.51702092729217,0.45117845117845123,0.04058153867542134
434,58,579.0286041611818,0.4630269523151348,0.015425813153666415
435,15,4.16574759150942,0.41003671970624234,0.005047101630463319
436,37,107.65244068411293,0.4505716207128447,0.0164444115979681
437,15,19.851068457843176,0.33449825262106836,0.0002940961675815022
438,11,2.6718907140617323,0.3920421299005266,0.005268800138956774
439,73,80.9996739126565,0.4926470588235294,0.0531729815211437
440,16,9.718247419910506,0.3388973191704603,0.00036082354095479124
441,64,64.2575692059306,0.48585931834662804,0.046998443535186
442,73,143.76452844722274,0.4830569574621485,0.04957528664693779
443,28,8.82648973272242,0.4045893719806763,0.01504693411767958
444,16,1.4891066106353645,0.44696464309539696,0.011550299584829497
445,24,16.886970274526618,0.45516304347826086,0.019339192188371993
446,18,7.401833725856237,0.41511771995043373,0.010447200320088315
447,29,61.13454395415122,0.3554376657824934,0.0006340177820729444
448,14,1.3745914557341523,0.35023523261892314,0.004746157789861294
449,11,4.4447369268069234,0.3432377049180328,0.00021167394911279463
450,55,117.86285009770252,0.44936284372904095,0.029010233312830126
451,36,15.509964017086764,0.4708362614195362,0.025119285994526012
452,246,6533.233706036329,0.5836236933797909,0.13139734423072616
453,54,124.23693833525319,0.4851556842867487,0.03585044543488821
454,17,2.0473080042932414,0.39504716981132076,0.006899031746453179
455,22,2.5175073536762897,0.4072948328267477,0.014329347221698485
456,34,14.349259470125665,0.3855005753739931,0.014515231406347582
457,127,1310.1454458530477,0.5118411000763942,0.07453671754163554
458,46,69.38404828166372,0.4607977991746905,0.026791338259673066
459,11,0.8916591693514696,0.3279490944689183,0.00043734095140922444
460,85,116.64918851887018,0.49703264094955485,0.06427998853408765
461,145,930.602871428066,0.52099533437014,0.09095598554756452
462,37,7.710399644447778,0.4668989547038328,0.030416185712680458
463,95,155.32354227646888,0.5003734129947722,0.067526837046467
464,14,7.523788036914259,0.33283656234475906,0.00031886855219052723
465,43,31.64341767009351,0.47619047619047616,0.03757838303429552
466,53,115.76897584173216,0.469187675070028,0.020414432728695576
467,41,93.99055022701506,0.4520917678812416,0.016237910489099203
468,221,2962.15021365557,0.5537190082644627,0.11958185590524935
469,20,12.779996464237074,0.4527027027027027,0.014320430213154992
470,54,115.2999957235975,0.4792560801144492,0.03745238816542861
471,90,286.5311488221196,0.48727272727272725,0.05693555998962521
472,238,8393.411819021658,0.5929203539823009,0.11442399102911455
473,58,84.61031392970975,0.44253632760898287,0.03255853860634771
474,25,9.754468439670875,0.4604810996563574,0.016672797256834102
475,120,545.7587078400313,0.4643104643104643,0.05872474396166406
476,21,4.509150634360357,0.4520917678812416,0.013494187654305847
477,27,8.48922595532897,0.4267515923566879,0.01853272465319291
478,35,57.331351407240994,0.4359141184124919,0.018845185332083562
479,52,20.191038434659944,0.43506493506493504,0.033716452899116955
480,120,403.93848109237405,0.4809763101220388,0.07251600142835356
481,98,409.4143726315698,0.4656011118832522,0.052009243444165014
482,29,16.01633132603749,0.4649548924358085,0.01631523812619319
483,35,29.82163541146759,0.41383570105003087,0.014138997575833298
484,21,18.069234828122365,0.35244608100999475,0.0009395957658671719
485,25,19.389426972928923,0.44876088412592097,0.015839653967305158
486,43,31.558689053915863,0.4184884447220487,0.021173090257211362
487,62,2173.930804591173,0.4297626683771648,0.0041309143523974145
488,45,51.128424447763585,0.4665738161559888,0.030411537492061737
489,22,6.35096682679032,0.41256157635467977,0.009190438331121487
490,14,4.763867324013507,0.34661148473874803,0.0006207781118609848
491,33,35.367045032783004,0.4240506329113924,0.01149879527928875
492,42,369.3354778939343,0.4785714285714286,0.01718112089909483
493,47,67.80032652485288,0.47788873038516405,0.025066460680948394
494,45,26.628594850474904,0.4431216931216931,0.033101266868737565
495,8,2.4447090326450738,0.32367149758454106,0.00019580387737959265
496,48,4945.715891604748,0.4862119013062409,0.0058204379268431625
497,40,22.191697320425813,0.42593769866497144,0.014487068885044614
498,20,2.1743582483816937,0.43421905379131565,0.017170811748740654
499,24,4.177262285223824,0.45087483176312243,0.013750744433036172
500,74,115.19184312436398,0.45485403937542435,0.04869041247414193
501,68,110.95864828557748,0.4765291607396871,0.045237081019488166
502,42,493.33943655365874,0.4611149346180317,0.008875351972702663
503,29,13.95157957881606,0.40434520217260106,0.013940275834187285
504,13,5.564000057866421,0.41332510795805055,0.005966842240781312
505,133,959.1432064397757,0.5141980046047583,0.07786757044487588
506,14,16.207156984830597,0.39762611275964393,0.003042570033140308
507,20,19.611300605552447,0.3669222343921139,0.0015487224107078408
508,25,46.75756273954058,0.3590568060021436,0.0008988110911773024
509,220,6717.219365450568,0.5770887166236004,0.10486727850307294
510,74,793.3547339424957,0.5087319665907365,0.0341545741131936
511,10,4.433787590413024,0.31529411764705884,0.0001447353276739586
512,27,14.88700544308721,0.41154791154791154,0.014561151502963698
513,14,16.89231463835008,0.3482328482328482,0.00035256350734116443
514,77,2700.358768116378,0.5087319665907365,0.01852730588802243
515,38,47.578979747176916,0.4630269523151348,0.026225393780255384
516,61,2699.862912350082,0.45984900480439256,0.007913165811849124
517,10,5.338723146991949,0.3383838383838384,0.0004045904312834735
518,119,2721.7949432735345,0.5334394904458598,0.04231220733300327
519,50,86.62362555195332,0.44341495698213107,0.027793134716503784
520,41,27.64320620922474,0.4724964739069111,0.036801839090975876
521,38,54.12944990821272,0.458590006844627,0.023869429318754288
522,95,284.6953700278301,0.48028673835125446,0.05644846811560202
523,48,39.20676554022667,0.47585227272727276,0.03831730123749416
524,46,30.764911247667847,0.4422442244224422,0.03151715824161196
525,52,35.57775009823215,0.4830569574621485,0.04010935913707054
526,25,11.431037795009,0.4123076923076923,0.0133125461249905
527,53,93.2281337734522,0.47216349541930935,0.03349782066104406
528,61,57.24467768667327,0.4789135096497498,0.05116294464994446
529,183,3996.0124181224805,0.5491803278688525,0.10391068445427772
530,34,480.0974058584232,0.4370515329419439,0.008198039701975548
531,61,132.83094457897673,0.4848046309696093,0.04172601252268116
532,29,3.3190052749545753,0.4714989444053483,0.02592482231886311
533,59,279.6791481511014,0.48656499636891787,0.031033602145221644
534,81,796.8544800993479,0.5126243305279266,0.04186286301386876
535,17,15.028722019256627,0.3326713008937438,0.00029278602717898683
536,34,455.2135667441394,0.389761489237929,0.0022313682794707344
537,71,981.1763293617747,0.4827089337175793,0.01879939845746426
538,11,4.314091956710728,0.3179876601803512,0.00016782969917482137
539,17,5.040759140348463,0.4333764553686934,0.009524564014394277
540,24,4.41058113730378,0.45331529093369416,0.024678569864657305
541,23,5.448723948706523,0.44400265076209405,0.012846035060954029
542,40,56.176709604255116,0.4422442244224422,0.027247407519311297
543,22,59.117906033023125,0.4164077066500932,0.00432980472555086
544,103,379.28824302404973,0.46592489568845624,0.05298297062594819
545,35,70.60395368930733,0.4656011118832522,0.014966988149474336
546,46,69.42085597081117,0.4668989547038328,0.029833853342948417
547,347,11759.1993140234,0.62152133580705,0.1717323099847673
548,45,621.3772626015633,0.45702592087312416,0.009518257079072992
549,28,30.06031365673131,0.464632454923717,0.019584841432073733
550,53,82.9447297083301,0.4662491301322199,0.022391571694034728
551,43,1411.254263299932,0.45984900480439256,0.006120937226251346
552,26,52.27120766016739,0.3552492046659597,0.0009697947261173493
553,68,108.7074069920355,0.4454787234042553,0.0369462797520804
554,42,16.80913807788405,0.4799426934097421,0.03373843526912366
555,50,2553.5179949897474,0.4413702239789196,0.005053803516696027
556,10,1.8901194699566606,0.3269887750122011,0.00017326082397858456
557,62,113.00819013297122,0.4731638418079096,0.04288107801034921
558,84,290.9538301021251,0.5030030030030029,0.04843672652982421
559,40,80.86452783047451,0.4267515923566879,0.009827761348629173
560,62,256.38309164745897,0.46722454672245467,0.030172644675665897
561,80,113.25183952086347,0.4813218390804597,0.05717305647124846
562,62,93.68802150368148,0.47585227272727276,0.04646424763367195
563,73,177.40108703752153,0.458590006844627,0.041440444850879644
564,319,29120.826619637843,0.6549364613880743,0.13988290649139004
565,20,6.687086249146197,0.4289372599231754,0.009169367948380967
566,28,10.706529764097773,0.4297626683771648,0.020774967279217287
567,18,3.499873271575042,0.3877314814814815,0.009513958728540502
568,13,4.4555181099828545,0.3469704816157431,0.00033794315661053997
569,40,21.887573817905395,0.469187675070028,0.02256119353651688
570,29,10.729086908574889,0.4053236539624924,0.013175504721456283
571,52,56.01027472108597,0.4589041095890411,0.03713654767423776
572,60,96.56783919332243,0.4431216931216931,0.03371109724891002
573,29,17.191014820925847,0.43619791666666663,0.012469666222496248
574,101,296.30948187495295,0.4851556842867487,0.06273715098313117
575,103,341.36380554276775,0.5030030030030029,0.06484690280929553
576,33,13.932083382849504,0.46951646811492637,0.024626443788004625
577,89,222.60292590898888,0.49814126394052044,0.06421079827936761
578,28,10.80089261406652,0.43086816720257237,0.01836316883115639
579,30,24.008266387245193,0.440499671268902,0.018852203261591684
580,198,2424.156899241845,0.5416329830234438,0.11406312263016721
581,39,66.5139358254721,0.4738330975954739,0.028138183352750576
582,71,67.18353019886246,0.48727272727272725,0.056339103544456544
583,19,1.9991518900919494,0.3772522522522523,0.008582526304564434
584,69,128.0573373385921,0.4714989444053483,0.045174372078597626
585,75,171.89863303731755,0.48656499636891787,0.04241252924336912
586,32,14.879108909204415,0.45516304347826086,0.023709088025990626
587,147,2704.94677203396,0.5325914149443561,0.09431986741708773
588,25,65.7985655968538,0.3596349973161567,0.0008014737079064965
589,23,60.19483953003948,0.35695258391049545,0.0005999975182597244
590,24,193.83201931292004,0.4082876294942109,0.0030793530668754465
591,34,19.773028489410002,0.46270718232044195,0.023549443900748458
592,59,45.84335269409778,0.48028673835125446,0.03955159815973819
593,34,180.6771301617022,0.3759820426487093,0.0013861849877800263
594,32,14.15510969975372,0.427568602425016,0.013527215403000583
595,55,75.79317482295777,0.47788873038516405,0.030170605443482233
596,108,373.97329927204055,0.5056603773584906,0.0769241076081024
597,63,185.00965084250777,0.48727272727272725,0.024862500831217788
598,81,101.40001837317557,0.49629629629629635,0.053941279690320365
599,82,152.75690546451673,0.46238785369220153,0.05174468577858502
600,28,19.316310698651534,0.41434755720470007,0.015578272854043843
601,43,31.219655645029796,0.4314230521571153,0.028422199354929168
602,56,737.9477729755037,0.3988095238095238,0.002693447632428749
603,36,96.57615854565165,0.43170103092783507,0.008723484327326534
604,22,11.169768562358371,0.45454545454545453,0.015486143862657375
605,113,876.575799603464,0.5230288836846214,0.063918804060503
606,47,30.238342469230627,0.4410796576695194,0.02860322369943966
607,98,277.40599156896764,0.5003734129947722,0.06889570212446394
608,94,778.5298297716324,0.5079605761940864,0.045220269066355165
609,67,122.3503499749802,0.491562729273661,0.051024718434274245
610,47,16.477052046105975,0.4396325459317585,0.03296648978767716
611,20,66.46151115115363,0.43934426229508194,0.008778291486127314
612,40,19.519486524917397,0.40978593272171254,0.01747596281653589
613,43,41.91567452682334,0.4789135096497498,0.034446364046133764
614,51,41.43563444964225,0.47619047619047616,0.03513771533149007
615,114,541.4936413591814,0.47517730496453897,0.05436232712987643
616,20,199.54551436641123,0.421648835745752,0.002851055505856502
617,38,160.55531273440457,0.45454545454545453,0.014315105907821028
618,33,16.728386257476487,0.46984572230014027,0.025380058529259193
619,13,7.988407036210164,0.3316831683168317,0.0002772958743315064
620,65,123.02156534335236,0.4460719041278296,0.0338507314897822
621,65,62.108833882148424,0.48656499636891787,0.05227828698629681
622,21,1.7020146384493737,0.379173740803622,0.0108007498900726
623,45,33.118899652763,0.4665738161559888,0.03460264080932728
624,307,12416.685025552115,0.6192236598890943,0.15895720646428735
625,40,16.0722733935683,0.43031470777135516,0.022250964139934527
626,53,122.21416021988033,0.475514549325763,0.02954565756957305
627,62,62.89620366482823,0.47754811119030655,0.04565196685149259
628,63,99.30908565854631,0.46820405310971347,0.03875820497569133
629,24,171.38522762414155,0.3846153846153846,0.0014211075671513983
630,28,26.9274035011004,0.4211187932118165,0.015588919365677373
631,19,7.829827281339615,0.40953545232273836,0.005210512003545793
632,37,79.30280473764037,0.4714989444053483,0.026371298800594
633,14,19.502580619320906,0.3437660338635198,0.0005982946358773141
634,29,23.968215392094073,0.4567143830947512,0.02091035039800646
635,26,11.951338392243752,0.40191961607678467,0.011695848608606433
636,21,109.56520225505986,0.43421905379131565,0.0044244488861795855
637,30,38.301613367065755,0.4685314685314685,0.021847480288584378
638,27,27.826208322502833,0.4557823129251701,0.018486494659145234
639,24,50.15111144396817,0.3592493297587131,0.0008283790583658466
640,25,168.0904254288264,0.41256157635467977,0.0036575707387941927
641,78,3376.1251416492355,0.4633471645919779,0.006030399697269185
642,24,23.80965491815582,0.43393782383419693,0.008310848958422566
643,29,14.595504720934544,0.4112952731737262,0.017932561387554915
644,28,8.713576973262503,0.42032622333751574,0.010723536823414308
645,22,4.386223666480354,0.469187675070028,0.021594461840694284
646,47,84.5256541167319,0.4809763101220388,0.02213324214210347
647,57,185.1749040575415,0.4789135096497498,0.023199434547846596
648,107,416.077910227239,0.5003734129947722,0.07462555616313818
649,31,64.78340143560766,0.35714285714285715,0.0006832202096100895
650,22,28.592627756829284,0.3663203936577365,0.0010522257416126378
651,14,2.0275403737898023,0.39504716981132076,0.004868379486229708
652,126,1333.4983841904746,0.5095057034220533,0.07147609099582664
653,36,17.629550193784528,0.46366782006920415,0.020355544395342
654,131,724.2411531850096,0.5141980046047583,0.08422193630805769
655,40,184.84274695359358,0.46722454672245467,0.021195151968194985
656,54,73.72526589001778,0.4834054834054834,0.03435365089557422
657,9,1.143562752010114,0.32746823069403713,0.00017944390183873086
658,27,11.93242250908558,0.4219143576826197,0.011959291231368853
659,77,3455.274475553953,0.45984900480439256,0.004972627581406667
660,36,36.30509154664629,0.43534762833008445,0.02104479441086616
661,42,19.710807282825733,0.45702592087312416,0.03499087483471922
662,20,33.019884251081,0.33685268979386623,0.0003687628913736253
663,11,1.5695624611636718,0.4256670902160101,0.010212226214759831
664,132,584.8994619187412,0.47788873038516405,0.0696716611635237
665,100,338.2288780115847,0.5007473841554558,0.06096839707055477
666,14,11.820487010631018,0.324298160696999,0.00019928846663728076
667,25,60.76848142851232,0.36393264530146663,0.001175786426116909
668,22,6.668320688626068,0.4607977991746905,0.01578272123249159
669,20,1.705748720439578,0.4576502732240437,0.01933076342912975
670,16,1.1725981288802994,0.4158907510862818,0.00684749669922584
671,36,8.085915394639233,0.471830985915493,0.03039059679629647
