UserId,degree,betweenness,closeness,eigenvector,community,eccentricity,authority,hub,farness
1,16,2.4476049356538985,0.389308541545613,0.011104880360725067,1,4,0.011104978250695976,0.01110497825847772,2.5686567164179106
2,27,43.194537506396166,0.33924050632911396,0.0005872718564959858,2,4,0.0005872398260853831,0.0005872398236985418,2.9477611940298507
3,34,22.969925248381685,0.421648835745752,0.022261726131616727,1,4,0.022261946094576504,0.02226194611275042,2.3716417910447762
4,49,74.60321630282714,0.46592489568845624,0.024367827475775646,2,3,0.024367353957024475,0.024367353920234338,2.1462686567164178
5,38,24.584629432617508,0.45454545454545453,0.03359610840249193,1,4,0.03359613217030476,0.03359613217060857,2.2
6,38,25.614105954433192,0.43309631544925664,0.02696266920791763,3,4,0.026962548330115667,0.026962548318511907,2.308955223880597
7,28,298.5013292783998,0.4053236539624924,0.0027780852703509964,2,4,0.0027780018388420427,0.0027780018324250477,2.467164179104478
8,40,21.6923878827445,0.4399212081418254,0.034113336787224585,1,4,0.03411336879298335,0.03411336879382517,2.273134328358209
9,22,9.124741603758807,0.4235145385587864,0.01003796532294202,2,3,0.010037753719133291,0.010037753702520113,2.361194029850746
10,30,16.46888093439306,0.43086816720257237,0.015737017335174693,2,3,0.015736683488479158,0.015736683462292747,2.3208955223880596
11,40,41.29942077194509,0.4322580645161291,0.02604901711960787,1,4,0.02604935653577991,0.02604935656487785,2.3134328358208953
12,37,25.44611645217962,0.4652777777777778,0.025057976120965046,2,3,0.025057593481223734,0.02505759345109989,2.1492537313432836
13,39,25.355065115502672,0.42006269592476486,0.024353624533316177,1,4,0.024353945366588393,0.024353945393798374,2.3805970149253732
14,18,3.648141210892044,0.4058146577831617,0.009404389364929417,2,4,0.00940424681044943,0.0094042467990038,2.464179104477612
15,322,11121.514690778027,0.6052393857271906,0.16699994212060643,1,3,0.16700028219505986,0.16700028222306837,1.6522388059701492
16,34,7.954810027101028,0.4451827242524917,0.02889062104608893,1,4,0.02889059428468315,0.02889059428077636,2.246268656716418
17,97,318.0686020753766,0.4988830975428146,0.07448491755700734,1,3,0.07448486637281876,0.07448486636577276,2.0044776119402985
18,22,37.836671022342216,0.3606027987082885,0.0014970307852620445,2,4,0.0014969696869256688,0.0014969696822786558,2.773134328358209
19,89,2067.6729814180107,0.4668989547038328,0.019799787504818436,2,3,0.01979925857461585,0.01979925853363808,2.1417910447761193
20,52,90.38633053190237,0.4728299223712068,0.03714462800807037,1,4,0.03714478579483648,0.03714478580680058,2.1149253731343283
21,30,97.94077063129856,0.40978593272171254,0.0046468585948407914,2,4,0.004646724565196205,0.004646724554855212,2.4402985074626864
22,62,104.73818942152394,0.48201438848920863,0.05124519024388747,1,3,0.0512451093884054,0.051245109379176285,2.074626865671642
23,159,1475.6388178743161,0.5263157894736842,0.1034741429807382,1,3,0.10347432639830205,0.10347432641038636,1.9
24,15,28.099233498318934,0.3341645885286783,0.000979351161279686,2,4,0.000979308368338894,0.0009793083650847306,2.9925373134328357
25,21,209.10550009380697,0.4184884447220487,0.003879144363293365,2,3,0.0038790535144350847,0.003879053507344759,2.3895522388059702
26,64,72.85838055989802,0.4410796576695194,0.03891913830009936,1,4,0.03891968809539564,0.03891968814258619,2.2671641791044777
27,15,1.8735805221731359,0.4058146577831617,0.006767607842948299,2,4,0.006767460693380529,0.0067674606818528505,2.464179104477612
28,26,36.840182119218774,0.427568602425016,0.010355126495044829,2,3,0.010354871046977172,0.010354871027055944,2.3388059701492536
29,27,28.552932217714293,0.44756179024716103,0.020824361503447172,1,4,0.020824555616690194,0.020824555633034886,2.234328358208955
30,173,3713.193726187803,0.554635761589404,0.08114974178284483,2,3,0.0811486299241576,0.08114862983602836,1.8029850746268656
31,39,27.271343089958478,0.43563068920676207,0.027854841528979497,1,4,0.02785509330443284,0.02785509332516795,2.2955223880597013
32,14,5.350931316064399,0.3434136340338288,0.00033546908434042204,2,4,0.00033545338572446115,0.00033545338455335865,2.9119402985074627
33,60,56.06963879633214,0.4869186046511628,0.04724620180729507,2,3,0.04724585027287607,0.047245850243639635,2.053731343283582
34,52,50.98855055039991,0.45702592087312416,0.028177316394300263,2,3,0.028176826687449814,0.028176826648859656,2.1880597014925374
35,33,35.67946097954567,0.45733788395904434,0.025713527133030798,1,3,0.025713592822986037,0.02571359282722927,2.1865671641791047
36,57,875.9324857010708,0.3920421299005266,0.003939716917406399,2,4,0.003939557389545666,0.003939557377417376,2.5507462686567166
37,29,6.0554903406607785,0.4431216931216931,0.01978919104722979,2,4,0.019788897251783052,0.019788897228316983,2.256716417910448
38,65,116.71917034246198,0.4517869184086311,0.041436645699734785,1,4,0.04143712568590161,0.04143712572729563,2.2134328358208957
39,28,550.6886615928644,0.41409147095179233,0.002383039911548565,2,3,0.0023829775744774887,0.0023829775696951956,2.4149253731343285
40,18,2.970984442368068,0.41104294478527603,0.011416403392448224,1,4,0.011416534699479423,0.011416534710933951,2.4328358208955225
41,83,358.4746054727018,0.4951958610495196,0.06200130715209618,3,3,0.062001175712203385,0.06200117569888878,2.0194029850746267
42,18,4.472612632366155,0.3629469122426869,0.0068663131218786415,1,4,0.006866439689454896,0.0068664397005645935,2.755223880597015
43,50,56.165211983111185,0.45984900480439256,0.026654355949097062,2,3,0.026653903122294792,0.026653903086620436,2.174626865671642
44,13,9.80969422099697,0.34394250513347024,0.0005208310007432324,2,4,0.0005208082686845154,0.0005208082669641363,2.9074626865671642
45,15,1.4860019991281654,0.3929618768328446,0.011898911428605625,1,4,0.01189890896059679,0.011898908959548682,2.544776119402985
46,46,51.716271571530754,0.43619791666666663,0.03100958578744201,1,4,0.031009951712413292,0.03100995174353663,2.292537313432836
47,15,4.098517091009108,0.32196059586737147,0.0002583309782783581,2,4,0.00025831806491498664,0.00025831806394939277,3.1059701492537313
48,127,632.3417740569165,0.4765291607396871,0.07021923381700107,1,4,0.07022010031135463,0.07022010038492504,2.098507462686567
49,49,42.7739439792733,0.47585227272727276,0.0344902775484193,2,3,0.03448988620842299,0.03448988617695628,2.1014925373134328
50,13,14.173072336240466,0.3290766208251473,0.00045468637856801335,2,4,0.0004546647812468106,0.0004546647796154186,3.038805970149254
51,18,11.102161679285524,0.4305912596401028,0.00986585744983414,2,4,0.009865716007541282,0.009865715996350137,2.3223880597014928
52,51,118.86050766963245,0.4772079772079772,0.04361311969694353,1,3,0.04361324453016398,0.04361324453967042,2.0955223880597016
53,33,67.7402375413649,0.45953360768175583,0.017288281099392587,2,3,0.017287947068311573,0.017287947042222803,2.1761194029850746
54,40,31.048116075811244,0.42647994907702097,0.025975606912068405,1,4,0.02597593676171936,0.025975936789965046,2.3447761194029852
55,15,5.760595395549335,0.3496868475991649,0.0009180793207239296,2,4,0.0009180416949216743,0.0009180416920586725,2.8597014925373134
56,102,1025.1408204036404,0.49337260677466865,0.05892640046307331,1,4,0.058926987768935006,0.05892698781947211,2.026865671641791
57,50,100.06176375747886,0.4359141184124919,0.018261130016380616,2,3,0.018260672946380497,0.018260672910805156,2.2940298507462686
58,44,24.32720103889562,0.4370515329419439,0.02180232530324409,2,3,0.021801861775954032,0.02180186173975166,2.2880597014925375
59,21,3.2071762079515826,0.4026442307692308,0.01665120075162041,1,4,0.016651215358441596,0.016651215358484985,2.4835820895522387
60,42,9.536350133781843,0.4542372881355932,0.03589001151250474,3,4,0.03588997677954733,0.03588997677449159,2.201492537313433
61,69,161.08794779295553,0.4827089337175793,0.0507169023806217,1,4,0.0507171121421086,0.05071711215760088,2.071641791044776
62,38,63.245560777172706,0.4267515923566879,0.019538135854493908,1,4,0.019538405615194338,0.01953840563873354,2.343283582089552
63,42,144.43545839150147,0.4827089337175793,0.03498168610615221,2,3,0.034981467768813335,0.034981467750082616,2.071641791044776
64,12,4.684545587206353,0.3365143144148669,0.0002491220124622765,2,4,0.0002491098360559634,0.0002491098351477275,2.9716417910447763
65,16,2.9454307446345864,0.40143798681845416,0.007177009831295644,2,4,0.0071768332648754945,0.007176833251090601,2.491044776119403
66,25,5.856766864210945,0.41409147095179233,0.01208243463115395,2,3,0.012082191069635435,0.01208219105047961,2.4149253731343285
67,39,746.1437022672034,0.44816053511705684,0.007509263405452316,2,3,0.007509085288258604,0.007509085274435944,2.2313432835820897
68,70,170.80349101028375,0.4782298358315489,0.046431149687563386,1,4,0.04643140761806558,0.04643140763773645,2.091044776119403
69,51,51.30245698965756,0.4253968253968254,0.031545327074162334,1,4,0.03154577228168868,0.03154577231972227,2.3507462686567164
70,41,326.12216659111243,0.3929618768328446,0.003516422832566742,2,4,0.003516289818050312,0.003516289807903631,2.544776119402985
71,19,6.070140964915804,0.44936284372904095,0.013015236473808539,2,4,0.01301505630969644,0.013015056295571674,2.225373134328358
72,45,81.54485497627942,0.43733681462140994,0.022675721626491424,1,4,0.022676010525484284,0.02267601055084032,2.2865671641791043
73,277,8021.9684982342305,0.5790838375108038,0.13740157819641763,1,3,0.13740263002243722,0.13740263011003434,1.726865671641791
74,30,26.702459540529254,0.4454787234042553,0.012524411845776549,2,3,0.012524120836589846,0.012524120814012767,2.244776119402985
75,67,89.66191915798228,0.4604810996563574,0.051743945591488705,1,4,0.05174402078755428,0.05174402079097047,2.171641791044776
76,32,20.859499049099007,0.4466666666666667,0.025920490084701396,1,4,0.025920575389589025,0.02592057539577509,2.2388059701492535
77,91,269.7259361357537,0.4922850844966936,0.06850320473756832,1,3,0.0685033170957886,0.06850331710223137,2.0313432835820895
78,104,380.97086190755795,0.4665738161559888,0.059748226842112784,1,4,0.059748918751806275,0.05974891880986156,2.1432835820895524
79,35,23.64027637215919,0.4314230521571153,0.02623821208598925,1,4,0.02623830492442409,0.026238304930781064,2.317910447761194
80,32,115.05596131295209,0.36040882194728346,0.0014033488295335846,2,4,0.0014032864831406131,0.001403286478437671,2.774626865671642
81,66,132.35690163121663,0.46592489568845624,0.047112514671452325,1,4,0.04711286209571379,0.04711286212482926,2.1462686567164178
82,14,12.731650525663579,0.32508491023774866,0.00024392989861850604,2,4,0.0002439171433472614,0.00024391714239708933,3.0761194029850745
83,71,155.32578430008695,0.4830569574621485,0.05637834952417633,1,3,0.0563783343832673,0.05637833437968431,2.0701492537313433
84,57,131.1890560622615,0.4322580645161291,0.030575781416245867,1,4,0.030576232574842807,0.030576232613875796,2.3134328358208953
85,44,479.9530638399273,0.3722222222222222,0.0015429093501998635,2,4,0.001542838944691553,0.0015428389393881755,2.6865671641791047
86,77,5001.397554932664,0.4617505168849069,0.012903346941538033,2,3,0.012903021032769902,0.012903021007466828,2.165671641791045
87,20,94.17124588230871,0.4009575104727708,0.0023282353821774573,2,4,0.002328173134864625,0.002328173130041589,2.494029850746269
88,64,115.11796307388978,0.4643104643104643,0.04424571991634165,1,4,0.04424600451303524,0.044246004535634924,2.153731343283582
89,30,18.217942807656208,0.41770573566084784,0.019510303219257313,1,4,0.01951046659002131,0.019510466603165678,2.3940298507462687
90,22,50.916833380447095,0.4278416347381864,0.005660160176752448,2,3,0.005660023460157925,0.005660023449526341,2.337313432835821
91,56,416.818792512958,0.4643104643104643,0.027851683883356963,1,4,0.027852057610063298,0.027852057642467266,2.153731343283582
92,33,464.35982522420875,0.40754257907542585,0.0029458688740926645,2,4,0.0029457784709244253,0.0029457784639778557,2.453731343283582
93,43,72.66297440756328,0.45547246770904143,0.02909252054574248,1,4,0.029092781288003845,0.029092781309893265,2.1955223880597017
94,65,106.24439020857518,0.45362220717670954,0.04245803979228308,1,4,0.04245845957147398,0.04245845960626469,2.2044776119402987
95,88,236.8390956171685,0.49962714392244595,0.06205301047708915,2,3,0.06205256894531306,0.06205256890874696,2.0014925373134327
96,52,74.1112534285771,0.47754811119030655,0.0386597809283646,1,4,0.03865988336525575,0.038659883372530214,2.0940298507462685
97,52,54.45690700161438,0.42271293375394325,0.02462120898047016,1,4,0.024621603901660797,0.024621603936169537,2.3656716417910446
98,39,37.33583992658795,0.42647994907702097,0.021534629885882263,1,4,0.021534920561865015,0.02153492058727405,2.3447761194029852
99,84,528.7069780526979,0.49084249084249076,0.04193893416022633,2,3,0.04193827049688751,0.041938270444634246,2.037313432835821
100,9,4.129778353203668,0.3358395989974937,0.0006648094793938034,2,4,0.0006647813654079159,0.0006647813632686743,2.9776119402985075
101,30,15.755213571259826,0.40483383685800606,0.018334553699999378,1,4,0.018334774749293077,0.018334774767467435,2.470149253731343
102,102,679.0619048712168,0.5056603773584906,0.048026544675446176,2,3,0.04802572839175873,0.04802572832787036,1.9776119402985075
103,54,39.72857671556584,0.4734982332155477,0.04583432272566439,3,4,0.045834273646720936,0.045834273640350975,2.111940298507463
104,33,80.39817652899335,0.43450064850843056,0.020580650635259427,1,4,0.020580889692211394,0.020580889712931177,2.301492537313433
105,136,660.7254003358253,0.5157813702848345,0.09249180410001194,3,3,0.0924915276250313,0.09249152759946236,1.9388059701492537
106,31,10.392748105585962,0.45117845117845123,0.027557122628363427,1,4,0.0275572353913927,0.027557235399931115,2.216417910447761
107,26,7.895961489545234,0.4158907510862818,0.017013810754205702,1,4,0.017014055849923153,0.017014055871090557,2.4044776119402984
108,13,3.748163677288017,0.3222703222703223,0.0002389159889467567,2,4,0.00023890355722562488,0.00023890355629551887,3.1029850746268655
109,20,3.6590897820809967,0.40361445783132527,0.01630303994044686,1,4,0.01630305394522889,0.016303053945329358,2.4776119402985075
110,43,447.40831303251986,0.3759820426487093,0.0018973136708557538,2,4,0.0018972311629590895,0.0018972311567316347,2.6597014925373132
111,100,340.57612431479964,0.503380916604057,0.0759232637865176,3,3,0.07592306713983515,0.07592306712086298,1.9865671641791045
112,17,13.386711188718108,0.35281727224855186,0.0009018715006476304,2,4,0.0009018312208921466,0.0009018312178453554,2.834328358208955
113,17,21.761797854157138,0.35619351408825095,0.001046740496055164,2,4,0.0010466945539969537,0.0010466945505225884,2.807462686567164
114,6,2.887218159762943,0.3142589118198874,0.0001056370289084278,2,4,0.00010563149803584507,0.00010563149762308001,3.182089552238806
115,28,20.85993418899397,0.4428288169200264,0.02044390642938385,3,4,0.020443839756735627,0.020443839750187764,2.2582089552238807
116,16,1.2244068019564995,0.37789058093626626,0.011246194544801634,1,4,0.011246207137757622,0.0112462071379421,2.6462686567164178
117,45,43.40737239829522,0.44078947368421056,0.031602168427537866,1,4,0.0316024812971509,0.03160248132355899,2.2686567164179103
118,61,84.46994963702369,0.45827633378932964,0.028232734530680387,2,3,0.02823214378390764,0.02823214373782185,2.182089552238806
119,142,2617.011659009746,0.5321683876092137,0.05767293036349318,2,3,0.057671913449415656,0.057671913369689,1.8791044776119403
120,68,104.17455621008,0.4633471645919779,0.051357697032554966,1,4,0.05135772668988608,0.05135772668937538,2.1582089552238806
121,29,141.25471383445597,0.358288770053476,0.0009770572400910969,2,4,0.0009770133143255368,0.000977013311016157,2.791044776119403
122,16,340.90066939732947,0.3920421299005266,0.0015647225881738897,2,4,0.0015647001070231692,0.001564700105271831,2.5507462686567166
123,30,7.936104835839543,0.4630269523151348,0.024882547794125538,2,4,0.024882343752889342,0.024882343736344122,2.1597014925373132
124,28,11.429864838957418,0.4240506329113924,0.020161011128212728,1,4,0.0201610406639295,0.02016104066504403,2.3582089552238807
125,65,101.70185154517664,0.44488711819389115,0.039873532926545836,1,4,0.03987385115161327,0.039873851176902196,2.2477611940298505
126,16,8.923498692027808,0.34679089026915116,0.0004650198918060977,2,4,0.00046499924154926893,0.00046499924000000843,2.8835820895522386
127,13,13.035458222175052,0.3469704816157431,0.0004977557813526583,2,4,0.0004977343790937282,0.0004977343774825469,2.882089552238806
128,86,336.1804920750042,0.49814126394052044,0.06404498683564117,2,3,0.06404467062820972,0.06404467060139198,2.0074626865671643
129,25,4.381615161325256,0.43848167539267013,0.016219444746139566,2,4,0.016219159461890207,0.016219159439342427,2.280597014925373
130,85,191.2565803988409,0.48833819241982507,0.06653126747996543,1,4,0.0665312223848493,0.06653122237764743,2.047761194029851
131,32,12.703982548239125,0.4643104643104643,0.024807739697717383,2,3,0.02480747883767831,0.024807478816774746,2.153731343283582
132,54,67.60752862329818,0.45148247978436656,0.039742189982136085,1,4,0.039742489682917936,0.03974248970733285,2.2149253731343284
133,75,166.65002948051654,0.4576502732240437,0.04560728627029735,1,4,0.04560787157689742,0.04560787162737618,2.1850746268656716
134,89,464.4360881359603,0.48833819241982507,0.05480625533782277,1,4,0.05480687326828432,0.05480687332125564,2.047761194029851
135,23,175.81574649573966,0.42811501597444085,0.0040580574517705996,2,3,0.004057960084118876,0.004057960076574303,2.3358208955223883
136,40,46.89703882771343,0.43031470777135516,0.023897554099704572,1,4,0.023897873929586717,0.023897873957155213,2.3238805970149254
137,36,24.759362116864548,0.4463690872751499,0.017703369390112904,2,4,0.017702997246711344,0.017702997217680254,2.2402985074626867
138,35,20.375285980303428,0.3852788959171938,0.015301418444200389,1,4,0.015301713692760448,0.01530171371854709,2.5955223880597016
139,38,19.52704681172774,0.4714989444053483,0.032203146239027335,2,4,0.03220298000650268,0.032202979992213325,2.12089552238806
140,42,32.785843446861115,0.4359141184124919,0.026192183850071694,1,4,0.026192546866043963,0.02619254689747001,2.2940298507462686
141,42,97.94492137383563,0.464632454923717,0.023866486210073385,2,3,0.023866100149365195,0.02386610011890777,2.1522388059701494
142,36,9.516827048192985,0.4633471645919779,0.02864154224383139,2,4,0.028641285607048324,0.02864128558618547,2.1582089552238806
143,36,33.548897832194946,0.4617505168849069,0.032774011074740705,1,4,0.03277398674405951,0.03277398674071312,2.165671641791045
144,8,1.9405488969618376,0.33119130004943154,0.00012564733743204083,2,4,0.00012564132691204817,0.00012564132646768905,3.0194029850746267
145,13,15.417005363530187,0.33499999999999996,0.0005534124848920358,2,4,0.0005533877402200924,0.0005533877383511278,2.985074626865672
146,36,35.72068333145444,0.4166666666666667,0.022774921924549163,1,4,0.022775112342071267,0.022775112357230964,2.4
147,36,14.15351577893375,0.4130702836004932,0.021632229961727156,1,4,0.021632565053088502,0.021632565081860643,2.4208955223880597
148,56,54.7945626007609,0.4789135096497498,0.0438615322331698,2,3,0.04386120704316684,0.04386120701570106,2.0880597014925373
149,79,257.3145896106792,0.44966442953020136,0.040425836880454605,1,4,0.040426425070101954,0.040426425121170804,2.2238805970149254
150,112,587.8421653636657,0.5068078668683812,0.08143570144732634,1,3,0.0814356385190789,0.08143563851100076,1.973134328358209
151,15,22.62839115532416,0.3263516804676084,0.00041038764546284876,2,4,0.00041036697820725956,0.00041036697665283777,3.064179104477612
152,65,89.27881834549615,0.44756179024716103,0.041710540983701874,1,4,0.041711026384552,0.04171102642541557,2.234328358208955
153,35,14.123543516788017,0.46722454672245467,0.028564603662393433,2,3,0.028564403993387742,0.028564403976646367,2.1402985074626866
154,27,59.51828258371233,0.3577148958889482,0.0015903425958689917,2,4,0.0015902720502191205,0.0015902720448695302,2.7955223880597013
155,26,17.49891955441167,0.4431216931216931,0.01234979024255234,2,3,0.012349527582887562,0.012349527562423822,2.256716417910448
156,36,50.10410562552646,0.45640326975476836,0.024667716265881278,1,4,0.024667911954628398,0.024667911970573206,2.191044776119403
157,104,386.68156672882753,0.4652777777777778,0.05974977385537505,1,4,0.05975051301210191,0.05975051307433274,2.1492537313432836
158,23,5.291680721784401,0.41205412054120544,0.018347576230811583,1,4,0.01834768198821323,0.018347681996069395,2.426865671641791
159,69,119.67585600165715,0.4731638418079096,0.05083255770413993,1,4,0.05083266868361613,0.05083266869052843,2.1134328358208956
160,38,25.666827188314755,0.45547246770904143,0.021428805118036822,2,3,0.021428451490186035,0.021428451462467153,2.1955223880597017
161,30,104.26629699965551,0.3475103734439834,0.0005105129917645344,2,4,0.0005104858844375889,0.0005104858824231684,2.8776119402985074
162,19,144.2603334928793,0.40288634996993383,0.0024992080049087914,2,4,0.002499134220140078,0.0024991342144350874,2.482089552238806
163,57,103.71057868158152,0.4413702239789196,0.036028771713289574,1,4,0.03602922569240175,0.03602922573099865,2.265671641791045
164,43,20.23018653344389,0.453929539295393,0.03395183182215944,1,4,0.03395191469425924,0.033951914699705724,2.2029850746268655
165,116,670.6560404513646,0.5087319665907365,0.0818444710869589,3,3,0.08184427118767716,0.08184427116833375,1.9656716417910447
166,27,8.506839150326606,0.464632454923717,0.024856135614538512,2,4,0.0248560371003691,0.024856037091717832,2.1522388059701494
167,16,2.554413480456553,0.393885949441505,0.006663011257181732,2,4,0.006662842117542914,0.006662842104437829,2.538805970149254
168,47,852.5235298712132,0.43762246897452645,0.0074291826638212205,2,4,0.007428970047739122,0.007428970031311,2.2850746268656716
169,61,1064.8147443697821,0.4772079772079772,0.04431212709076114,1,4,0.0443123633941896,0.04431236341242712,2.0955223880597016
170,31,15.497092085027589,0.41563275434243174,0.019508575911099623,1,4,0.01950871861289178,0.01950871862389274,2.4059701492537315
171,27,9.481624730013605,0.4333764553686934,0.013296729252355957,2,3,0.013296435620182631,0.013296435597374028,2.307462686567164
172,18,33.44958046233644,0.3482328482328482,0.0004609737524192736,2,4,0.0004609524108710112,0.00046095240927062383,2.8716417910447762
173,21,26.255023300195546,0.4009575104727708,0.004579108263621756,2,4,0.004578977965950519,0.004578977955871556,2.494029850746269
174,23,6.12739810364085,0.4053236539624924,0.016200857856110713,3,4,0.01620081209217468,0.01620081208725972,2.467164179104478
175,56,72.68100576265721,0.4813218390804597,0.04517071752214197,2,3,0.04517047068646763,0.04517047066527928,2.0776119402985076
176,87,171.3639410383402,0.4620689655172414,0.056043671270451415,1,4,0.056044324474401074,0.056044324529832615,2.1641791044776117
177,71,1099.6317440063983,0.4848046309696093,0.020461687172078847,2,3,0.020461195931333866,0.020461195893201632,2.062686567164179
178,61,83.2605376786743,0.4442970822281167,0.03459106420043222,1,4,0.034591572254800834,0.034591572299087665,2.2507462686567163
179,23,18.772153577023087,0.42006269592476486,0.013668530818293716,1,4,0.013668716111568436,0.01366871612773122,2.3805970149253732
180,17,7.086855991910366,0.4270235818992989,0.009198104506047433,2,4,0.009197924984706807,0.009197924970722185,2.3417910447761194
181,17,0.8020255008475519,0.37789058093626626,0.012953534649404751,1,4,0.012953553950352541,0.01295355395093853,2.6462686567164178
182,68,3593.882956819118,0.4484605087014726,0.008875188695610827,2,3,0.008874945249000782,0.00887494523021931,2.2298507462686565
183,30,11.2558528529204,0.4611149346180317,0.022520179244626293,2,4,0.022519951518834326,0.02251995150062135,2.1686567164179102
184,19,10.879983654506221,0.3476907109496627,0.00048485917646737107,2,4,0.0004848340828115861,0.00048483408094147007,2.8761194029850747
185,67,606.6324819172941,0.5,0.044113905137763684,2,3,0.044113453488282106,0.044113453451613126,2.0
186,36,28.261199765222923,0.41770573566084784,0.02459924417285042,1,4,0.02459945446011141,0.02459945447707119,2.3940298507462687
187,109,470.01970230419016,0.5041384499623777,0.07557133587636161,1,3,0.07557168250560414,0.07557168253218206,1.983582089552239
188,36,265.9231514345435,0.3699613473219216,0.0013409809314852957,2,4,0.0013409214009467805,0.0013409213964662523,2.7029850746268655
189,66,252.36733823874667,0.48201438848920863,0.03490927103177384,2,3,0.03490867891509079,0.03490867886845119,2.074626865671642
190,35,41.399809849005145,0.4604810996563574,0.021132854504725112,2,3,0.02113257147790248,0.02113257145556751,2.171641791044776
191,8,3.830409174069822,0.30776297657326596,9.817030487004699e-05,2,4,9.816404074656701e-05,9.816404028359356e-05,3.2492537313432837
192,24,57.93558118292318,0.350418410041841,0.0006548377248291016,2,4,0.0006548070993883267,0.0006548070970912039,2.8537313432835822
193,32,12.857132242836768,0.4367666232073012,0.018606199190834814,2,3,0.01860585996907843,0.018605859942339348,2.28955223880597
194,15,36.23771182517089,0.33821302372539125,0.0005676878241380488,2,4,0.0005676632436141537,0.0005676632417511888,2.9567164179104477
195,84,245.176660308662,0.4944649446494465,0.05186750332729972,2,3,0.05186692649509297,0.051866926448793885,2.0223880597014925
196,46,53.35184718510339,0.464632454923717,0.027142883388996238,2,3,0.02714242802555078,0.027142427989816226,2.1522388059701494
197,31,19.3970452654901,0.4530087897227857,0.02170288790142752,2,4,0.021702686480076984,0.02170268646373597,2.207462686567164
198,46,34.3370326108178,0.47585227272727276,0.03817922465647156,2,3,0.03817899689577312,0.038178996876171295,2.1014925373134328
199,135,784.0937954386906,0.5026256564141035,0.08175869923287804,1,3,0.08175936961861502,0.08175936967317521,1.98955223880597
200,97,876.298498094107,0.4851556842867487,0.051346937737437856,1,4,0.05134756898081302,0.051347569035194024,2.0611940298507463
201,44,42.195608988857735,0.44936284372904095,0.03082313341488041,3,4,0.030823041762940716,0.030823041753591424,2.225373134328358
202,49,24.65188934713804,0.47585227272727276,0.03829355399800381,2,3,0.038293272398834045,0.038293272375110356,2.1014925373134328
203,35,27.682185488786526,0.4428288169200264,0.02278683166147112,1,4,0.022786990811198282,0.022786990823664723,2.2582089552238807
204,26,3.194011567952653,0.46722454672245467,0.025522307449085485,3,4,0.025522221107339402,0.02552222109941219,2.1402985074626866
205,78,397.68443138935953,0.47050561797752805,0.04368274061107724,1,4,0.04368329414439209,0.04368329419244258,2.1253731343283584
206,16,3.7756698787012075,0.39227166276346603,0.00384900827247775,2,4,0.00384889587610344,0.003848895867408238,2.5492537313432835
207,34,31.765447569458107,0.42378241619228335,0.022181639884479767,1,4,0.02218182265348463,0.022181822668136418,2.3597014925373134
208,40,40.80320889093018,0.44021024967148487,0.02790235779865891,1,4,0.027902665419648365,0.027902665446226056,2.271641791044776
209,19,2.272468482672337,0.3877314814814815,0.012803813586874031,1,4,0.012803958845011296,0.012803958856806501,2.5791044776119403
210,24,3.430591672308849,0.4617505168849069,0.021965463357909356,2,4,0.021965367963051867,0.021965367954701418,2.165671641791045
211,37,142.32124444042464,0.4711673699015471,0.02671339380650088,1,3,0.026713620903161425,0.02671362092286054,2.1223880597014926
212,187,2088.052991001187,0.53728949478749,0.11270743884542372,1,3,0.11270803733567285,0.11270803738292709,1.8611940298507463
213,148,2196.230220170214,0.5095057034220533,0.07611203290262647,1,4,0.0761128405034414,0.0761128405728632,1.962686567164179
214,77,215.9140840589106,0.48201438848920863,0.041378066618965016,2,3,0.04137743821475619,0.041377438165016385,2.074626865671642
215,23,66.26617538313315,0.3988095238095238,0.0031270751714627706,2,4,0.003126984050521564,0.003126984043485427,2.5074626865671643
216,29,7.236222660166497,0.4579630895420369,0.02471597999244608,3,4,0.024715855467930183,0.024715855456597224,2.183582089552239
217,54,83.67513108030361,0.4731638418079096,0.04147533086146515,3,4,0.04147517609480393,0.04147517607993422,2.1134328358208956
218,30,24.251919742145205,0.44253632760898287,0.0220663641058376,1,4,0.022066402980068386,0.02206640298203343,2.2597014925373133
219,63,208.24100101347886,0.48656499636891787,0.043211760517296985,2,3,0.0432113165886911,0.043211316553043465,2.055223880597015
220,91,304.12695346551396,0.48940832724616506,0.04760030742608802,2,3,0.04759959206973219,0.04759959201318697,2.0432835820895523
221,18,1.452589527645552,0.36792970895112576,0.011311067047090506,3,4,0.011311039901868694,0.011311039898574739,2.717910447761194
222,43,29.569821126024472,0.45827633378932964,0.026008886244773148,2,3,0.026008453991063076,0.026008453957057354,2.182089552238806
223,24,132.50226183311747,0.4197994987468672,0.0035138313409944512,2,3,0.0035137313470610114,0.0035137313393642984,2.382089552238806
224,37,805.1092370723948,0.424857324032974,0.003178768699049741,2,3,0.0031786731766396265,0.0031786731693296045,2.3537313432835822
225,9,9.172417959272943,0.3394123606889564,0.00027023556919340136,2,4,0.000270222989748996,0.0002702229888063685,2.946268656716418
226,29,8.000496282221249,0.43762246897452645,0.02557677447683599,1,4,0.02557695702738046,0.025576957042071337,2.2850746268656716
227,19,2.3448251971928475,0.4184884447220487,0.01078130011952646,2,3,0.01078106303625344,0.01078106301768123,2.3895522388059702
228,36,28.741111282675565,0.40507859733978235,0.01699660159131137,1,4,0.01699688473903404,0.016996884763738115,2.4686567164179105
229,34,28.400859963127683,0.4272959183673469,0.02149502499619532,1,4,0.02149520267257831,0.021495202686799855,2.3402985074626868
230,51,73.65155048934385,0.43905635648754915,0.03186037075787692,1,4,0.03186080234490856,0.03186080238227723,2.2776119402985073
231,23,10.243109647434858,0.4527027027027027,0.016519495642754282,2,3,0.01651929989882658,0.016519299883198585,2.208955223880597
232,103,1292.162362071407,0.5161787365177196,0.04786172754527314,2,3,0.04786091233725596,0.047860912273614664,1.9373134328358208
233,17,49.39358967044876,0.39021549213744905,0.002442128988487627,2,4,0.0024420648909977785,0.0024420648860265337,2.562686567164179
234,54,49.55312736861535,0.4589041095890411,0.039127763495796955,1,4,0.03912790222781796,0.03912790223755175,2.1791044776119404
235,58,72.53172092731344,0.4792560801144492,0.04770020808857694,3,4,0.04770011059673089,0.04770011058617935,2.0865671641791046
236,82,264.0823817430384,0.49410029498525077,0.061268813100088776,3,3,0.061268579049089215,0.061268579028081624,2.023880597014925
237,18,2.30720571942344,0.4038577456298975,0.012735091928818991,3,4,0.012735028452734084,0.012735028446684653,2.476119402985075
238,46,39.17864782552426,0.4333764553686934,0.024591334010758015,1,4,0.024591679904280735,0.02459167993445404,2.307462686567164
239,84,262.5058176446734,0.4988830975428146,0.055698550542686916,2,3,0.05569803057063387,0.055698030528827755,2.0044776119402985
240,68,141.03549554429623,0.48833819241982507,0.055106775403852955,3,3,0.05510660081608536,0.05510660079984053,2.047761194029851
241,17,30.947439902042124,0.35281727224855186,0.000902468411718765,2,4,0.0009024298954714675,0.0009024298925575511,2.834328358208955
242,63,733.4298445547929,0.4879825200291333,0.030119868895394666,2,3,0.03011929022571339,0.030119290180550044,2.0492537313432835
243,78,246.93971375113856,0.49337260677466865,0.058931186319436724,3,3,0.05893107981583109,0.05893107980459642,2.026865671641791
244,39,55.13382405428712,0.42647994907702097,0.020982090144294818,1,4,0.02098238588853908,0.02098238591443472,2.3447761194029852
245,54,43.470766698479515,0.4799426934097421,0.038957624264810926,2,3,0.038957266241929946,0.038957266212713386,2.083582089552239
246,19,3.2623102060020437,0.4128157732593962,0.009227374860304177,2,3,0.00922716428733018,0.009227164271033735,2.4223880597014924
247,74,1100.0405591799133,0.4944649446494465,0.03617303375269297,2,3,0.036172392774891156,0.03617239272454338,2.0223880597014925
248,52,25.122178855869834,0.47686832740213525,0.041374638509677736,2,3,0.04137427185540965,0.04137427182508438,2.0970149253731343
249,7,4.32274328181094,0.319047619047619,0.0001255018473231848,2,4,0.0001254957016674697,0.00012549570120909956,3.1343283582089554
250,38,85.60944904133343,0.4161490683229814,0.018803187011889003,1,4,0.018803452238852023,0.018803452261950016,2.4029850746268657
251,29,37.101344971833264,0.41180086047940995,0.013299140875728843,1,4,0.013299346607694128,0.013299346625732624,2.428358208955224
252,17,67.35748898679121,0.43506493506493504,0.005143356123848013,2,3,0.005143263945408284,0.005143263938287696,2.298507462686567
253,75,201.4798768402058,0.4785714285714286,0.04958494726717694,1,4,0.0495852046041593,0.049585204623380695,2.08955223880597
254,54,2636.922327613439,0.4611149346180317,0.0098411612255335,2,3,0.009840930121725345,0.009840930103867766,2.1686567164179102
255,79,185.32969807106846,0.47517730496453897,0.05522569864135228,1,4,0.05522603036500377,0.055226030391173665,2.1044776119402986
256,13,3.438062464145912,0.3213429256594724,0.0003181921527584985,2,4,0.00031817414432073923,0.0003181741429745588,3.111940298507463
257,57,79.94257874079132,0.43934426229508194,0.036659943338394244,1,4,0.036660390437794774,0.036660390475921525,2.2761194029850746
258,17,1.633168201989636,0.4068002428658167,0.008814619504868875,2,3,0.008814411905716553,0.008814411889547869,2.4582089552238804
259,26,9.915053490359679,0.4333764553686934,0.013640100626294055,2,4,0.013639828329821366,0.013639828308592804,2.307462686567164
260,32,18.541234655577405,0.45953360768175583,0.024290781450134035,1,4,0.024290861820766778,0.02429086182633019,2.1761194029850746
261,22,2.8376212511754897,0.40119760479041916,0.01685675924634405,3,4,0.01685670172515869,0.0168567017193039,2.4925373134328357
262,162,3376.609998109476,0.5267295597484276,0.08557024826771219,1,3,0.08557103474421289,0.0855710348120039,1.8985074626865672
263,58,74.25123492453416,0.4827089337175793,0.04920109185838135,3,3,0.04920098897050638,0.049200988959619524,2.071641791044776
264,27,3.9884796951373,0.4567143830947512,0.021287649311223414,2,4,0.02128743818800011,0.021287438170981894,2.18955223880597
265,61,200.29964651491832,0.4837545126353791,0.03314194904916102,2,3,0.03314139440229991,0.03314139435866797,2.0671641791044775
266,13,6.307059146434667,0.32149712092130517,0.00031650581672970266,2,4,0.0003164879410073022,0.0003164879396753807,3.1104477611940298
267,31,8.892772874094515,0.44936284372904095,0.025817260744687025,1,4,0.025817324716377814,0.02581732472056779,2.225373134328358
268,86,453.6687900706473,0.48656499636891787,0.05384023469106559,1,4,0.05384076492646419,0.05384076497101571,2.055223880597015
269,15,4.641743594794883,0.39135514018691586,0.00358106829071029,2,4,0.003580973602908409,0.0035809735955625605,2.555223880597015
270,40,47.288956077831614,0.4359141184124919,0.022976954352191412,1,4,0.022977245946060983,0.02297724597153122,2.2940298507462686
271,27,7.302774375002391,0.4128157732593962,0.017779671240535245,3,4,0.017779588929498328,0.01777958892149319,2.4223880597014924
272,24,3.6509559644841283,0.4153750774953503,0.014706882178448675,1,4,0.01470709402329566,0.014707094041737532,2.4074626865671642
273,31,18.822375586198113,0.4060606060606061,0.013279602793773045,1,4,0.013279815074898437,0.013279815093536726,2.462686567164179
274,28,9.130073083749558,0.4611149346180317,0.022940238669637732,2,3,0.022940120556546012,0.022940120546174746,2.1686567164179102
275,64,77.76500498026894,0.44786096256684493,0.040901094043637454,1,4,0.04090163660567756,0.04090163665226646,2.2328358208955223
276,23,4.3423465072165905,0.38594470046082946,0.014088434246422107,1,4,0.014088651655529976,0.014088651674025563,2.591044776119403
277,27,38.64849726840852,0.4270235818992989,0.014040836654867148,1,4,0.014040995864177225,0.014040995878110097,2.3417910447761194
278,42,23.543436460511813,0.46592489568845624,0.02945676872747025,2,3,0.02945641344681809,0.029456413418479432,2.1462686567164178
279,12,13.70077920599138,0.31996179560649474,0.00014906786584578126,2,4,0.00014905990625179677,0.00014905990566104686,3.1253731343283584
280,15,2.2362207199758153,0.3941176470588235,0.004304275941764747,2,4,0.00430416076588997,0.004304160756944533,2.537313432835821
281,40,23.230569229726463,0.46722454672245467,0.035123663738767616,3,4,0.035123560158573874,0.03512356014845132,2.1402985074626866
282,44,48.432683062837945,0.45485403937542435,0.0336609336396047,3,4,0.033660840712110694,0.03366084070245533,2.198507462686567
283,76,133.04337555882785,0.4772079772079772,0.05877308204021743,1,4,0.058773013974783225,0.0587730139661876,2.0955223880597016
284,28,244.8601692001061,0.40023894862604537,0.0029467764334885457,2,4,0.0029466752859973345,0.0029466752782597826,2.4985074626865673
285,87,621.9054455255938,0.5030030030030029,0.04268317392603866,2,3,0.042682408071017496,0.04268240801094994,1.9880597014925374
286,33,20.48540638749884,0.46722454672245467,0.02394847148916783,2,3,0.023948227391497306,0.023948227371928196,2.1402985074626866
287,63,512.1704609869404,0.47216349541930935,0.038360891370636176,1,4,0.03836119938594937,0.03836119941280559,2.117910447761194
288,22,44.3155328367579,0.33753148614609574,0.0007328961091212645,2,4,0.0007328614910445847,0.0007328614884319122,2.962686567164179
289,23,8.205343276438485,0.40878584502745574,0.015026738289339099,1,4,0.01502694852977639,0.015026948547608244,2.446268656716418
290,56,119.45012685015998,0.4240506329113924,0.028242379487448347,1,4,0.028242842046314724,0.02824284208635583,2.3582089552238807
291,49,65.82228512146658,0.46592489568845624,0.036853334980450986,3,4,0.03685325881110611,0.036853258802676196,2.1462686567164178
292,86,248.41756074605638,0.49373618275607956,0.0642918884472803,1,3,0.06429182062551736,0.06429182061677881,2.0253731343283583
293,41,16.195880573385633,0.47216349541930935,0.0342857589625082,2,3,0.03428557885261041,0.03428557883684995,2.117910447761194
294,188,2140.2087609641853,0.5407586763518967,0.11703387571033085,3,3,0.11703363096142182,0.11703363093848822,1.8492537313432835
295,68,116.33965224546095,0.48656499636891787,0.053379994217148286,3,3,0.05337985448468232,0.0533798544703066,2.055223880597015
296,29,27.546016432251907,0.4251269035532995,0.019074807604653465,1,4,0.01907496999821042,0.019074970011570203,2.352238805970149
297,63,115.22536182040223,0.4630269523151348,0.04203139425553186,1,4,0.0420318355696465,0.042031835606958744,2.1597014925373132
298,46,101.27930411588555,0.41434755720470007,0.019679972865480632,1,4,0.01968030714781468,0.01968030717695137,2.4134328358208954
299,98,594.0728130819705,0.49592894152479644,0.06964072622071399,1,3,0.06964114278010392,0.06964114281506399,2.0164179104477613
300,31,16.699402114365427,0.4410796576695194,0.021063406108621847,3,4,0.021063313059000624,0.021063313050061858,2.2671641791044777
301,30,13.74363847195248,0.4240506329113924,0.02309954650392627,1,4,0.023099712195563952,0.02309971220855299,2.3582089552238807
302,20,50.43444568160298,0.35244608100999475,0.0008588156327542813,2,4,0.0008587766124926522,0.0008587766095447178,2.837313432835821
303,61,119.86602922283852,0.42297979797979796,0.0332021972399299,1,4,0.0332026239515343,0.033202623987208,2.364179104477612
304,64,89.1427165483585,0.4460719041278296,0.04223604511125638,1,4,0.042236548993172675,0.04223654903603103,2.2417910447761193
305,27,9.366808921785074,0.4413702239789196,0.014616589999061,2,4,0.01461630355232414,0.014616303529928472,2.265671641791045
306,122,1946.617427959542,0.5153846153846153,0.045917559256553865,2,3,0.04591662198115536,0.04591662190792972,1.9402985074626866
307,46,28.804527278858703,0.46143250688705234,0.03930850149382567,1,4,0.039308616585453156,0.039308616593551095,2.1671641791044776
308,25,107.1648383132982,0.43031470777135516,0.006172563728620115,2,3,0.006172404599119885,0.006172404586783458,2.3238805970149254
309,51,47.03166283161475,0.4748405386250886,0.04368343376952908,3,4,0.043683339078474395,0.043683339068449165,2.1059701492537313
310,25,8.313489398219568,0.38594470046082946,0.014535285402235643,1,4,0.014535529282596896,0.014535529303686828,2.591044776119403
311,222,18364.19831170218,0.5955555555555555,0.10745502751292443,2,3,0.1074541752051384,0.10745417513525261,1.6791044776119404
312,67,278.1578357466935,0.48869438366156087,0.036313709805138955,2,3,0.036313122308705835,0.03631312226271247,2.046268656716418
313,99,392.33529334900703,0.4955621301775148,0.07077511888201085,3,4,0.07077509206194905,0.07077509205614778,2.017910447761194
314,18,4.720356457120138,0.40978593272171254,0.011685576966356833,1,4,0.011685739376696468,0.01168573939082665,2.4402985074626864
315,38,16.05879508733005,0.47619047619047616,0.03538308783369467,2,3,0.03538288220657421,0.035382882189393866,2.1
316,39,18.483792349280407,0.4192740926157697,0.019025742555782658,1,4,0.01902603113198407,0.019026031157223917,2.3850746268656717
317,6,0.0,0.31783681214421255,0.00020198598998119897,2,4,0.00020197699699266817,0.00020197699630993948,3.1462686567164178
318,35,1001.7934737383898,0.4678770949720671,0.008945580618299198,2,3,0.00894542515299979,0.008945425140956866,2.1373134328358208
319,10,0.933544854155492,0.34183673469387754,0.000313353009690203,2,4,0.0003133391113724311,0.000313339110332312,2.925373134328358
320,48,45.27354846159539,0.4072948328267477,0.02179864933159929,1,4,0.021799042160235056,0.021799042194555737,2.455223880597015
321,33,43.45605126172604,0.4314230521571153,0.012420119566099092,2,3,0.012419830791966182,0.01241983076942131,2.317910447761194
322,32,12.991929033586134,0.4460719041278296,0.018706205402641164,2,3,0.018705860734541085,0.018705860707467683,2.2417910447761193
323,19,4.547564782307874,0.4219143576826197,0.016619019367050257,1,4,0.0166190292032986,0.016619029203210137,2.370149253731343
324,62,116.85878416719459,0.4283887468030691,0.02917117406883101,1,4,0.029171645254859387,0.02917164529577647,2.334328358208955
325,29,14.782598558931195,0.3866128101557992,0.015602687902950075,1,4,0.015602939821292726,0.015602939842779396,2.5865671641791046
326,24,2.1838443517241495,0.4153750774953503,0.012500777776914697,2,4,0.012500520836049233,0.012500520815992166,2.4074626865671642
327,39,24.861161748457118,0.44876088412592097,0.02875444523425605,1,4,0.02875459922264015,0.028754599234196813,2.228358208955224
328,75,184.0734866295602,0.48727272727272725,0.05729666555089398,1,4,0.05729664257843772,0.05729664257394477,2.0522388059701493
329,10,10.401108985504559,0.3556263269639066,0.0011887399907056164,2,4,0.001188699512722312,0.001188699509620785,2.8119402985074626
330,45,55.78180321407176,0.46951646811492637,0.025134693543026918,2,3,0.02513426581722741,0.025134265783961187,2.129850746268657
331,37,32.88635038187225,0.4347826086956522,0.025816483871352557,1,4,0.025816751445333342,0.02581675146793505,2.3
332,27,8.396343840085645,0.42948717948717946,0.02449104383325666,1,4,0.02449110273878578,0.02449110274243514,2.328358208955224
333,42,39.72644567052176,0.4065533980582524,0.020893535437561558,1,4,0.020893880829376994,0.020893880859441147,2.4597014925373135
334,23,6.640323728498255,0.3552492046659597,0.007254509204820602,1,4,0.007254665046632925,0.007254665060340461,2.8149253731343284
335,28,21.211578168949732,0.45702592087312416,0.022621209169395192,1,4,0.022621300151131223,0.0226213001581216,2.1880597014925374
336,25,3.6809923495188195,0.4527027027027027,0.020896025403285532,2,4,0.020895848187393387,0.020895848173271125,2.208955223880597
337,21,13.661448603313538,0.389308541545613,0.011223752525835965,1,4,0.011223919432646185,0.011223919447100756,2.5686567164179106
338,27,78.02363836733883,0.342360756259581,0.000635309346107302,2,4,0.0006352785587030313,0.0006352785563942401,2.9208955223880597
339,46,85.42726022191526,0.43393782383419693,0.026746446423840754,1,4,0.026746823977022577,0.02674682400977618,2.3044776119402983
340,41,28.857383595286223,0.42032622333751574,0.024762954144093834,1,4,0.02476332725881055,0.02476332729091354,2.37910447761194
341,31,44.50094081790577,0.44936284372904095,0.022466511639144714,1,4,0.02246661386344283,0.02246661387135174,2.225373134328358
342,50,110.98234512591037,0.4579630895420369,0.020564052967933406,2,3,0.020563586856556085,0.020563586820289283,2.183582089552239
343,22,21.4017097183924,0.42458808618504434,0.007636399503803539,2,3,0.007636223376309906,0.007636223362534331,2.355223880597015
344,36,551.9610710728643,0.4442970822281167,0.008009988005101167,2,3,0.00800980564528608,0.008009805631052441,2.2507462686567163
345,65,155.46265393963824,0.4862119013062409,0.0496110256083588,3,3,0.04961087965037087,0.049610879636227595,2.056716417910448
346,115,721.3425944939174,0.5075757575757576,0.08009593966501181,3,3,0.08009571107623574,0.08009571105503724,1.9701492537313432
347,13,18.058249262126115,0.3988095238095238,0.006145625930818674,1,4,0.006145695423256796,0.006145695429402348,2.5074626865671643
348,34,27.599530766397862,0.4520917678812416,0.020567350947065934,2,3,0.02056697988241201,0.020566979853334087,2.2119402985074625
349,26,2.8957797679364385,0.4604810996563574,0.02225024612978383,2,3,0.02225006052308835,0.02225006050769639,2.171641791044776
350,68,73.4767623398277,0.48762736535662293,0.05151638541231322,2,3,0.051515957558379157,0.051515957523167066,2.0507462686567166
351,24,7.549479448356665,0.43905635648754915,0.01556510644542768,2,4,0.015564906077234122,0.01556490606119773,2.2776119402985073
352,45,47.98404557558982,0.4328165374677002,0.026634544596741302,1,4,0.026634944850688045,0.02663494488539458,2.31044776119403
353,143,1141.1508243726128,0.5193798449612403,0.09380690092775408,1,3,0.09380691656985096,0.09380691656716458,1.9253731343283582
354,18,49.88134154023372,0.3358395989974937,0.0005436251328697375,2,4,0.0005435988778490265,0.0005435988758723931,2.9776119402985075
355,75,101.05564741641732,0.4813218390804597,0.059810465286419735,1,3,0.05981043060965699,0.05981043060373442,2.0776119402985076
356,27,6.0672951798031205,0.4328165374677002,0.02672889113617794,1,4,0.02672896222666798,0.026728962231514004,2.31044776119403
357,15,25.299127121212376,0.33668341708542715,0.00044424038831884885,2,4,0.0004442202110359218,0.0004442202095161312,2.970149253731343
358,83,348.1750058201831,0.48656499636891787,0.039802694641142985,2,3,0.03980196000313408,0.0398019599455937,2.055223880597015
359,40,29.162327802296716,0.43421905379131565,0.026880478143612524,1,4,0.02688079205308058,0.026880792079613695,2.3029850746268656
360,27,6.196340879389803,0.41875,0.012350630570423897,2,3,0.012350373196226509,0.01235037317610754,2.388059701492537
361,32,174.92158717192456,0.41563275434243174,0.004599897777669801,2,4,0.004599759520295431,0.00459975950963854,2.4059701492537315
362,63,152.68718315631924,0.4542372881355932,0.04667911466231166,1,4,0.046679335302774745,0.04667933531949325,2.201492537313433
363,58,478.6455734257858,0.4789135096497498,0.025192437373376748,2,3,0.025191923852388762,0.025191923812352555,2.0880597014925373
364,32,60.11381813360047,0.42297979797979796,0.01762140991053679,1,4,0.017621648007102347,0.01762164802775065,2.364179104477612
365,51,50.54500923456259,0.44078947368421056,0.033136994935568584,1,4,0.03313741450907036,0.033137414544918885,2.2686567164179103
366,40,32.608753529952835,0.41511771995043373,0.022548330490391996,1,4,0.022548619556783122,0.02254861958096994,2.408955223880597
367,102,470.7557523454678,0.5022488755622189,0.07321462920984805,2,3,0.07321420405183193,0.07321420401510666,1.991044776119403
368,26,7.6455863741554255,0.4278416347381864,0.013570565399702713,2,4,0.013570302650461696,0.013570302629900357,2.337313432835821
369,8,0.7493518330398663,0.31859248692344266,0.00021690854014217394,2,4,0.00021689848549558304,0.00021689848473440443,3.138805970149254
370,40,55.590867398587136,0.4662491301322199,0.029833970682417145,3,4,0.029833843353558907,0.0298338433415998,2.144776119402985
371,46,82.82907858412918,0.4289372599231754,0.023536402965506967,1,4,0.02353673225629754,0.02353673228501452,2.3313432835820898
372,22,35.96529024567378,0.4442970822281167,0.011180163804271599,2,3,0.0111799584867065,0.011179958470814384,2.2507462686567163
373,43,57.964811506823246,0.4289372599231754,0.015282765778555023,2,3,0.015282386119578719,0.015282386089996427,2.3313432835820898
374,32,7.134293621858558,0.46951646811492637,0.03014227027197843,2,3,0.03014205160008961,0.030142051581843722,2.129850746268657
375,6,1.0282270737310863,0.32304725168756027,0.0002406070120216287,2,4,0.0002405965172589793,0.00024059651646629764,3.0955223880597016
376,43,33.70355835760402,0.4741684359518754,0.033437130038781064,2,3,0.03343678684660908,0.03343678681888465,2.108955223880597
377,38,21.102627609501596,0.45516304347826086,0.03233671840926626,1,4,0.03233685240733839,0.03233685241747412,2.1970149253731344
378,64,216.02149316455666,0.4451827242524917,0.03414076835670373,1,4,0.03414120261552326,0.034141202653206276,2.246268656716418
379,43,26.629486905063466,0.424857324032974,0.026908805243187447,1,4,0.02690919329799659,0.02690919333125441,2.3537313432835822
380,305,13384.453006314741,0.6036036036036037,0.15917037007223597,1,3,0.1591702056719551,0.1591702056592872,1.6567164179104477
381,49,21.021554724856824,0.4714989444053483,0.03722627741134054,2,3,0.03722594033954174,0.03722594031177464,2.12089552238806
382,116,605.8649151158771,0.4813218390804597,0.06757471459303165,1,4,0.06757545392962554,0.06757545399259592,2.0776119402985076
383,27,126.00260177734695,0.3781038374717833,0.0019936165306669923,2,4,0.00199353928487694,0.001993539278992112,2.644776119402985
384,127,885.7091456781956,0.5134099616858238,0.08767462929066856,1,3,0.08767480235644518,0.08767480236777118,1.9477611940298507
385,32,125.10436140654801,0.3580972741849278,0.0009187919598570645,2,4,0.0009187480718189298,0.0009187480685323394,2.792537313432836
386,56,37.180928548042985,0.482361411087113,0.04580767711807448,2,3,0.0458074150079715,0.04580741498541642,2.073134328358209
387,75,234.7436953612754,0.49084249084249076,0.04250999734170026,2,3,0.042509413368465275,0.042509413322452005,2.037313432835821
388,203,6235.177521069568,0.5692438402718777,0.10850096869497022,2,3,0.10850001930921217,0.10850001923159619,1.7567164179104477
389,17,24.02694481595142,0.33719174635128335,0.0004952486644135603,2,4,0.0004952247949276083,0.0004952247931355636,2.9656716417910447
390,53,974.029194449373,0.4799426934097421,0.015200149562643574,2,3,0.015199831848136162,0.015199831823499875,2.083582089552239
391,43,273.1334844786145,0.4527027027027027,0.014280320297919244,2,3,0.014279990357214103,0.01427999033148494,2.208955223880597
392,30,15.909253899367384,0.458590006844627,0.02386110860556013,1,4,0.023861186025686116,0.023861186031276696,2.180597014925373
393,35,9.0418225995169,0.4688593421973408,0.03169171987923651,2,3,0.03169148416653717,0.031691484146995456,2.1328358208955223
394,54,162.75536189013144,0.47450424929178464,0.0373668428267367,1,4,0.03736714321252789,0.03736714323746199,2.1074626865671644
395,17,1.6867929247484028,0.3927315357561547,0.007199007884432789,2,4,0.007198815308534391,0.007198815293606967,2.546268656716418
396,60,5624.074866204663,0.45827633378932964,0.007255790256679541,2,3,0.007255629673575368,0.007255629661149657,2.182089552238806
397,49,68.77305400710412,0.4460719041278296,0.03482431683801003,1,4,0.034824606098405965,0.03482460612210581,2.2417910447761193
398,34,18.549732232322302,0.4601648351648352,0.0228727595185714,2,3,0.02287250564926109,0.022872505628806484,2.1731343283582087
399,13,6.329971435166903,0.32859244727807746,0.0003132938664360322,2,4,0.00031327676396603537,0.0003132767626917973,3.0432835820895523
400,20,30.851523667059357,0.32730825598436736,0.0003320764274984352,2,4,0.0003320574736186698,0.0003320574722121098,3.055223880597015
401,31,20.46308915595167,0.4607977991746905,0.01720080639129896,2,4,0.017200568374046668,0.017200568355099595,2.1701492537313434
402,83,311.4140212910701,0.44936284372904095,0.03861688118230524,1,4,0.038617429276012145,0.038617429323751076,2.225373134328358
403,17,107.88012619683397,0.41409147095179233,0.004104069607588163,2,3,0.00410396010838708,0.0041039600999331835,2.4149253731343285
404,33,5.044882300905409,0.45702592087312416,0.02755514725286112,2,4,0.02755490764780541,0.02755490762799962,2.1880597014925374
405,130,699.3374894541817,0.5114503816793893,0.08643985440082609,2,3,0.08643947514176913,0.08643947510801392,1.955223880597015
406,40,101.32098547078147,0.444591904445919,0.02351831194299833,1,4,0.023518572210012852,0.023518572232679863,2.2492537313432837
407,117,882.0877699140374,0.5193798449612403,0.07121227010034833,2,3,0.07121151106766807,0.07121151100606529,1.9253731343283582
408,63,584.410954768004,0.4799426934097421,0.023509646342648346,2,3,0.023509128281691386,0.023509128241383643,2.083582089552239
409,18,103.18034420456006,0.3665207877461707,0.0009306724640844099,2,4,0.0009306355229105288,0.0009306355201128644,2.728358208955224
410,28,10.518944070730846,0.3722222222222222,0.011792392542738091,1,4,0.011792630488239414,0.011792630509019587,2.6865671641791047
411,26,9.479469927269005,0.41053921568627455,0.011007473697402145,2,4,0.011007214258077963,0.011007214237828867,2.435820895522388
412,71,130.8960234851989,0.4834054834054834,0.04482165238277407,2,3,0.04482115201540373,0.04482115197507396,2.0686567164179106
413,19,16.393359575970784,0.3506017791732078,0.0009474026388575187,2,4,0.0009473591023234291,0.00094735909903387,2.852238805970149
414,44,55.58309227890316,0.4708362614195362,0.033034161898124435,2,3,0.03303389136748789,0.03303389134498156,2.1238805970149253
415,5,0.0,0.31440638198029097,0.00025576093401790263,2,4,0.000255749814412129,0.00025574981356578716,3.180597014925373
416,43,1390.5061571626175,0.4197994987468672,0.003070042216147278,2,3,0.00306995126941336,0.0030699512624701745,2.382089552238806
417,62,130.97891773907816,0.47754811119030655,0.04692280396862656,3,4,0.04692270155973973,0.0469227015487807,2.0940298507462685
418,58,95.65706458459974,0.47686832740213525,0.04963049464558965,1,4,0.04963050721607026,0.04963050721474927,2.0970149253731343
419,30,20.375367858674586,0.4527027027027027,0.021841196647795186,3,4,0.02184112131163327,0.021841121304078996,2.208955223880597
420,31,38.6848857407043,0.4262086513994911,0.008890513441769792,2,3,0.008890283470927327,0.0088902834530331,2.346268656716418
421,17,15.32189847768271,0.3444730077120823,0.0003590903474611877,2,4,0.0003590729165120049,0.0003590729152137503,2.9029850746268657
422,53,65.14410796911726,0.4714989444053483,0.031839258036454876,2,3,0.031838880406667,0.031838880376441614,2.12089552238806
423,111,761.9811769673871,0.49373618275607956,0.06468911748757698,1,4,0.06468982633531306,0.0646898263957363,2.0253731343283583
424,21,1.5688242355411253,0.44341495698213107,0.018825172237704624,2,4,0.018825066752963592,0.018825066743584477,2.255223880597015
425,24,2.869210233021018,0.38795599305153444,0.01663145900565488,3,4,0.01663142823472838,0.016631428230803696,2.5776119402985076
426,81,148.91624364720843,0.4607977991746905,0.054828191813668055,1,4,0.0548286952665553,0.0548286953080755,2.1701492537313434
427,133,1584.67413633922,0.5173745173745175,0.08659719975977097,2,3,0.08659679048595423,0.08659679045216036,1.9328358208955223
428,38,22.2991672229936,0.43365695792880254,0.025254997549453588,1,4,0.025255283287711084,0.025255283311793043,2.3059701492537314
429,24,11.194814128427177,0.4211187932118165,0.01861289073318097,1,4,0.018613027735263764,0.018613027746133538,2.3746268656716416
430,105,460.06528027121493,0.49962714392244595,0.07579548584597277,1,4,0.0757955096799682,0.07579550967841027,2.0014925373134327
431,101,373.0577066795602,0.4966641957005189,0.07295157003701512,1,4,0.07295162943654625,0.07295162943790766,2.0134328358208955
432,35,26.347986228260538,0.4517869184086311,0.028145916933513985,1,4,0.028145974003454522,0.028145974006789233,2.2134328358208957
433,71,164.74522161020985,0.4499664204163868,0.04045527904012084,1,4,0.04045586516350661,0.0404558652144358,2.2223880597014927
434,56,534.1197105445553,0.4454787234042553,0.015478245699555889,2,3,0.015477849475143374,0.015477849444361777,2.244776119402985
435,15,4.11436728001662,0.4053236539624924,0.005170670125399222,2,3,0.005170544916105942,0.005170544906343182,2.467164179104478
436,36,107.17972455329752,0.4379084967320261,0.016381387140558822,2,3,0.016381050978432145,0.016381050952062673,2.283582089552239
437,16,28.2093525601756,0.3321764997521071,0.00037591572711129435,2,4,0.00037589761498410643,0.0003758976136243941,3.0104477611940297
438,9,0.25937723478707086,0.35023523261892314,0.002797197979097178,1,4,0.0027972498578081157,0.0027972498623740193,2.855223880597015
439,72,86.12957672911136,0.48869438366156087,0.05364777354203993,2,3,0.05364734009779859,0.05364734006162817,2.046268656716418
440,16,16.03863833207631,0.3284313725490196,0.000337763046410697,2,4,0.0003377452077365743,0.00033774520640681305,3.044776119402985
441,64,72.56051979158327,0.481667864845435,0.048297537100070786,2,3,0.048297204327921624,0.04829720429946287,2.0761194029850745
442,71,210.8250512510443,0.4806312769010043,0.04871129739150318,1,4,0.048711517139065415,0.04871151715576475,2.080597014925373
443,26,9.885337522705653,0.3990470518165575,0.0129174959367794,1,4,0.012917727106486107,0.01291772712664853,2.505970149253731
444,16,1.5949544716529227,0.4367666232073012,0.011647514869551257,2,4,0.011647368263684179,0.011647368252001883,2.28955223880597
445,22,3.98245645574349,0.4024024024024024,0.016131108886633883,1,4,0.016131338546416903,0.016131338566013984,2.485074626865672
446,18,12.200218523432536,0.41205412054120544,0.01064337310822036,1,4,0.010643512877893764,0.010643512890039524,2.426865671641791
447,27,56.645181636449685,0.3500522466039708,0.0005822346469788101,2,4,0.0005822070678157574,0.0005822070657538723,2.8567164179104476
448,13,0.6507205842672414,0.3442959917780062,0.004132963230958302,1,5,0.004133051537210279,0.004133051544983358,2.9044776119402984
449,10,3.488367559831256,0.3307008884501481,0.0001404683444853187,2,4,0.00014046122927134077,0.00014046122874622268,3.023880597014925
450,53,172.8142081241325,0.43450064850843056,0.02530464378845363,1,4,0.025305013402381834,0.02530501343455606,2.301492537313433
451,36,16.515859677174024,0.4620689655172414,0.025659793941240953,2,3,0.025659515138394387,0.025659515115908013,2.1641791044776117
452,232,6934.252176782714,0.576592082616179,0.1299482480813852,2,3,0.12994765034097303,0.12994765029076272,1.7343283582089553
453,54,158.63342015285443,0.48028673835125446,0.03666749311832788,2,3,0.036667105419776705,0.03666710538838645,2.082089552238806
454,16,1.6502368037648818,0.3520756699947451,0.004970963677097273,1,4,0.00497105953167801,0.004971059540130972,2.8402985074626868
455,21,2.406268182965128,0.37746478873239436,0.01294937155402796,3,4,0.012949321429473836,0.012949321424321286,2.6492537313432836
456,32,13.26051889012047,0.38483630097645033,0.01417673773321882,1,4,0.014177011647552447,0.014177011671447533,2.598507462686567
457,125,2003.3603052999463,0.5079605761940864,0.0726845518483315,1,3,0.07268506734248603,0.07268506738649609,1.9686567164179105
458,44,29.762733583075303,0.389761489237929,0.023750810616161425,1,4,0.023751215250205095,0.0237512152848269,2.565671641791045
459,12,3.9815119601328774,0.3198090692124105,0.00045891749108477786,2,4,0.00045889663241482085,0.00045889663083228586,3.126865671641791
460,85,137.11795400888923,0.4966641957005189,0.06616085335141987,2,3,0.06616055235452764,0.06616055232805698,2.0134328358208955
461,138,1023.2464704600409,0.5173745173745175,0.09043410655602746,3,3,0.09043383477861239,0.09043383475294738,1.9328358208955223
462,36,14.270181265464952,0.45827633378932964,0.029282378178343917,3,4,0.029282286226808087,0.02928228621738365,2.182089552238806
463,94,178.81059128912466,0.4988830975428146,0.06894853360176847,2,3,0.06894819074475309,0.06894819071490252,2.0044776119402985
464,14,8.351639879221096,0.3263516804676084,0.00031210727700167675,2,4,0.0003120913845311408,0.0003120913833419134,3.064179104477612
465,40,30.67361481486044,0.46755059316120023,0.03517987943796525,1,4,0.035179947712738226,0.03517994771689446,2.138805970149254
466,51,100.80929350605514,0.4560925799863853,0.020304082499915322,2,3,0.020303619269899875,0.02030361923388958,2.192537313432836
467,40,101.07628416676968,0.4381948986265533,0.015883957926390625,2,3,0.015883596160688608,0.015883596132402346,2.282089552238806
468,220,4076.547119373952,0.5528052805280528,0.12142412911098716,1,3,0.12142488761307034,0.12142488767561424,1.808955223880597
469,19,4.354637406447218,0.4077906269020085,0.013071256771014917,1,4,0.013071396649610406,0.013071396661039668,2.452238805970149
470,53,181.6664828261036,0.47619047619047616,0.03681249647396918,1,4,0.03681267012399121,0.03681267013798566,2.1
471,87,385.5151051822682,0.4848046309696093,0.05517686957997407,1,4,0.0551772216463484,0.05517722167428435,2.062686567164179
472,225,8395.14784856604,0.5851528384279476,0.1130235970561992,2,3,0.11302257993311648,0.11302257985107035,1.708955223880597
473,57,95.164195610804,0.4319793681495809,0.031143474210039664,1,4,0.031143955200071714,0.031143955241727826,2.3149253731343284
474,25,12.266989434643861,0.4517869184086311,0.01679077030426966,2,3,0.0167905821970774,0.016790582181990275,2.2134328358208957
475,121,723.0616122620584,0.4643104643104643,0.05968663545511932,1,4,0.05968746834320936,0.05968746841491554,2.153731343283582
476,20,5.217069476044211,0.4399212081418254,0.012278135047165538,2,4,0.012277934387605063,0.012277934371829077,2.273134328358209
477,27,11.853369043396677,0.42593769866497144,0.01902664611942549,1,4,0.0190268777196714,0.019026877739328457,2.3477611940298506
478,36,85.6874719841593,0.4347826086956522,0.019634808738813226,1,4,0.019635046672114857,0.01963504669286,2.3
479,50,21.901398345817586,0.43031470777135516,0.03161817671419885,1,4,0.03161865151936594,0.03161865156032305,2.3238805970149254
480,120,503.01389059866904,0.48028673835125446,0.073973926359682,1,4,0.07397462239452453,0.0739746224521764,2.082089552238806
481,96,487.14951995893193,0.464632454923717,0.05134713383262151,1,4,0.05134780288443843,0.051347802942225185,2.1522388059701494
482,29,18.1320459898411,0.4567143830947512,0.016531927674320383,2,3,0.016531637399406628,0.016531637376794316,2.18955223880597
483,37,44.96633642564628,0.41383570105003087,0.015515772435092239,1,4,0.015516027778691792,0.015516027801094128,2.416417910447761
484,21,19.593114077581628,0.33668341708542715,0.0009172185208483497,2,4,0.00091717586738625,0.0009171758641660288,2.970149253731343
485,24,5.1082456599779,0.38505747126436785,0.014602107200320848,1,4,0.014602332114583687,0.014602332133735543,2.5970149253731343
486,42,37.04770768278764,0.4065533980582524,0.01948174267396062,1,4,0.01948206083092995,0.019482060858696262,2.4597014925373135
487,47,1220.4196214651683,0.4190118824265166,0.00361879629466155,2,4,0.003618681993080152,0.0036186819843293467,2.3865671641791044
488,43,33.21893407676417,0.42271293375394325,0.027616070563660156,1,4,0.027616401914208877,0.02761640194201427,2.3656716417910446
489,20,5.936404455999625,0.40191961607678467,0.007512878304753573,2,4,0.007512689841443478,0.007512689826757512,2.488059701492537
490,14,5.629952350685146,0.32988675529295913,0.0005389284096638716,2,4,0.0005389012878797429,0.0005389012858382213,3.0313432835820895
491,33,52.50369337239255,0.42059008160703076,0.011695396296166123,2,4,0.011695100689485968,0.011695100666501446,2.3776119402985074
492,42,430.8834727974359,0.47450424929178464,0.01743041771542341,2,3,0.01743010553242307,0.017430105508095747,2.1074626865671644
493,46,71.5576793492664,0.46820405310971347,0.025043862793399044,2,3,0.025043394421549944,0.025043394384981363,2.135820895522388
494,45,36.73055471442364,0.44341495698213107,0.03392573067533207,1,4,0.0339261027092874,0.0339261027406947,2.255223880597015
495,7,0.0,0.3136704119850187,0.00018378604195361017,2,4,0.00018377597827412602,0.00018377597752021466,3.1880597014925374
496,47,5513.830028309458,0.4748405386250886,0.0056108157375051775,2,3,0.005610730251573357,0.005610730245001878,2.1059701492537313
497,41,28.39761386594913,0.4278416347381864,0.016049769786602944,2,4,0.0160493821466726,0.016049382116459267,2.337313432835821
498,18,1.9802318767178482,0.4305912596401028,0.01621853334817015,1,4,0.0162185435281182,0.01621854352809459,2.3223880597014928
499,24,4.770965527216627,0.43934426229508194,0.013929413661849757,2,4,0.013929168002981383,0.013929167983807394,2.2761194029850746
500,72,123.71901921598577,0.45331529093369416,0.0488886574877524,1,4,0.048888974782030144,0.048888974806836294,2.2059701492537314
501,68,166.37857386619493,0.47450424929178464,0.04609299262655935,1,4,0.046093390510587307,0.046093390543573386,2.1074626865671644
502,44,566.6994565075613,0.4502688172043011,0.00920572841798171,2,3,0.009205535497115287,0.009205535482011008,2.2208955223880595
503,27,11.587946272162887,0.3687396807925152,0.010496688284622356,1,4,0.010496906687784297,0.010496906706853434,2.7119402985074625
504,13,5.281633515528869,0.40878584502745574,0.006088544038138598,2,4,0.00608841572568865,0.006088415715577969,2.446268656716418
505,129,1078.766353329701,0.5083459787556904,0.07683204327526494,1,4,0.0768327536308752,0.07683275369107322,1.9671641791044776
506,14,20.14722465650245,0.39528023598820056,0.003117160179279559,2,4,0.0031170796953553484,0.003117079689105602,2.529850746268657
507,19,15.219223250395487,0.35714285714285715,0.0014304875691918894,2,4,0.0014304308168423532,0.0014304308125193614,2.8
508,23,46.53640255664693,0.35412262156448204,0.0008277722188871105,2,4,0.0008277343922815473,0.0008277343894364384,2.8238805970149254
509,213,7041.946163196017,0.5706984667802385,0.10548500855256081,2,3,0.10548397625712817,0.10548397617253659,1.7522388059701492
510,74,862.0475046073362,0.5007473841554558,0.03486021718208386,2,3,0.034859606460014875,0.03485960641237853,1.9970149253731344
511,11,9.139515654348347,0.3087557603686636,0.00018749486999150526,2,4,0.0001874839312653055,0.0001874839304512849,3.2388059701492535
512,25,8.703150310637083,0.37098560354374305,0.01129053560298553,1,4,0.01129075848050605,0.011290758499970629,2.6955223880597017
513,12,15.68389389078113,0.3281096963761019,0.00027368075932791093,2,4,0.0002736673722862595,0.00027366737128307097,3.047761194029851
514,75,2995.4319227398805,0.49592894152479644,0.018439385235896118,2,3,0.0184389453198853,0.018438945285856347,2.0164179104477613
515,36,36.35881325782736,0.43848167539267013,0.024080136700734497,1,4,0.024080360526119466,0.024080360544575043,2.280597014925373
516,57,2545.2100898005365,0.44786096256684493,0.006392240657474094,2,3,0.006392074995686517,0.006392074982893937,2.2328358208955223
517,9,2.6487763654096264,0.3239845261121857,0.00034016176040835587,2,4,0.00034014515437961573,0.00034014515312733924,3.0865671641791046
518,118,2864.8285906580527,0.5230288836846214,0.043407945948382265,2,3,0.043407078578571054,0.043407078510841725,1.9119402985074627
519,49,166.71696262760364,0.4416611733684905,0.027631023746952584,1,4,0.027631370276147274,0.027631370306265918,2.264179104477612
520,40,24.051460123474314,0.46238785369220153,0.03641573864885308,1,4,0.036415666389364484,0.03641566638183159,2.162686567164179
521,37,15.915489463301162,0.41383570105003087,0.02300739595795901,1,4,0.023007737244757777,0.023007737274013732,2.416417910447761
522,94,300.09325628561174,0.4665738161559888,0.0562620838498832,1,4,0.05626278361492364,0.05626278367504173,2.1432835820895524
523,47,43.248046165695534,0.471830985915493,0.03854560754138974,1,4,0.03854573470201394,0.038545734710974056,2.1194029850746268
524,45,35.527375227478174,0.43534762833008445,0.030163300628573187,1,4,0.030163563491220357,0.03016356351228108,2.2970149253731345
525,51,45.92629839231601,0.47754811119030655,0.039863123604334375,2,3,0.0398627980255884,0.03986279799853395,2.0940298507462685
526,26,14.8331176564871,0.4102878138395591,0.01374684391604233,1,4,0.013747059694501568,0.013747059713260061,2.437313432835821
527,53,157.56057235726135,0.47050561797752805,0.0340953859464029,1,4,0.03409563334250417,0.034095633362518064,2.1253731343283584
528,60,68.38217706839765,0.475514549325763,0.051882974892500495,1,3,0.051882905085116275,0.051882905077082535,2.1029850746268655
529,181,4798.001939913303,0.5482815057283142,0.10583594955310667,2,3,0.10583571407809687,0.10583571406081341,1.8238805970149254
530,32,335.32428771715774,0.42948717948717946,0.0082950640338318,2,3,0.008294845181143215,0.00829484516416988,2.328358208955224
531,61,202.96362950237153,0.4837545126353791,0.042291145277601784,1,3,0.0422914038550309,0.04229140387584605,2.0671641791044775
532,29,3.7335916992096365,0.4656011118832522,0.026474321378512758,2,3,0.026474148954848273,0.026474148940105677,2.147761194029851
533,58,151.2047894024513,0.4765291607396871,0.03165126030044798,2,3,0.031650731230175394,0.0316507311887198,2.098507462686567
534,79,721.5289258395413,0.5022488755622189,0.04063621671926257,2,3,0.04063555594753385,0.0406355558957004,1.991044776119403
535,17,19.697453198062767,0.32367149758454106,0.00027932577847611053,2,4,0.0002793104584620688,0.00027931045732309655,3.08955223880597
536,30,401.3441826669622,0.3846153846153846,0.0022237643579179206,2,4,0.0022236847327462266,0.0022236847266807356,2.6
537,64,781.6807586672783,0.4643104643104643,0.017247021060541837,2,3,0.017246592058607648,0.01724659202535377,2.153731343283582
538,11,4.504944806852291,0.3155911446066887,0.00016596890053183173,2,5,0.00016595991631962586,0.00016595991564956192,3.1686567164179102
539,17,4.211958859799697,0.42006269592476486,0.009616998205030121,2,3,0.00961680361536467,0.00961680360017019,2.3805970149253732
540,23,6.849305081808298,0.44816053511705684,0.023635825494013826,1,4,0.023635871652923374,0.023635871656054137,2.2313432835820897
541,23,6.5330813973267565,0.4328165374677002,0.01300718445211892,2,4,0.013007001194924012,0.013007001180296008,2.31044776119403
542,39,54.619472368077815,0.43506493506493504,0.02610442884149384,1,4,0.02610473758916689,0.02610473761586982,2.298507462686567
543,22,68.93182069343962,0.41409147095179233,0.004411181292207406,2,4,0.004411058931470987,0.004411058922009051,2.4149253731343285
544,103,535.5837078083765,0.4662491301322199,0.053162772505890035,1,4,0.05316351545296383,0.05316351551715623,2.144776119402985
545,35,64.85638905766062,0.45362220717670954,0.015137563702760004,2,3,0.015137243125568444,0.015137243100578205,2.2044776119402987
546,46,104.71097655893514,0.464632454923717,0.030247636064385425,1,4,0.030247924329609495,0.03024792435373498,2.1522388059701494
547,335,12723.307495591112,0.6152433425160698,0.17265099930185465,1,3,0.1726509562037761,0.17265095620061902,1.6253731343283582
548,43,536.4178389318236,0.4410796576695194,0.00929072752805416,2,3,0.009290484048356733,0.009290484029470358,2.2671641791044777
549,28,43.74311533997959,0.45984900480439256,0.018890711728370403,1,4,0.018890830981070042,0.01889083099059823,2.174626865671642
550,52,95.0607275495591,0.4620689655172414,0.022809741685985607,2,3,0.02280922990518581,0.022809229865299832,2.1641791044776117
551,43,1399.4605846777633,0.4442970822281167,0.005993875013798045,2,3,0.005993733086274268,0.005993733075235622,2.2507462686567163
552,25,65.97949907260923,0.34536082474226804,0.000854425358987583,2,4,0.0008543843300455607,0.0008543843269596309,2.8955223880597014
553,69,141.21029746962736,0.4442970822281167,0.0375006156440412,1,4,0.0375011765759511,0.03750117662458676,2.2507462686567163
554,42,22.27157447843746,0.4785714285714286,0.03459504517718757,2,3,0.034594792833079334,0.03459479281237879,2.08955223880597
555,49,3084.4467975368293,0.4387688277668631,0.005091172762608227,2,4,0.005091043635529247,0.005091043625569844,2.2791044776119405
556,10,1.8891974853228681,0.31996179560649474,0.00016704865531197205,2,4,0.0001670394590502128,0.00016703945836619153,3.1253731343283584
557,61,173.8883950935765,0.4728299223712068,0.04263854793770161,1,4,0.04263887312459686,0.04263887315125548,2.1149253731343283
558,83,317.0476498959665,0.4974016332590943,0.04943655706400715,2,3,0.04943586483509216,0.049435864780072114,2.0104477611940297
559,40,82.32642717080137,0.4224464060529634,0.010028460106956117,2,3,0.01002819246762593,0.010028192446822773,2.3671641791044777
560,61,144.38079205899373,0.41511771995043373,0.028405524609543216,1,4,0.028405987823932853,0.0284059878640368,2.408955223880597
561,81,141.78072135669066,0.4799426934097421,0.05836340594387611,1,4,0.05836356021308012,0.05836356022310258,2.083582089552239
562,62,108.48031332641084,0.471830985915493,0.047707212817035265,1,4,0.0477072989240349,0.04770729892929717,2.1194029850746268
563,69,144.4598014286452,0.45148247978436656,0.040078900422127604,1,4,0.04007945391176793,0.04007945395970905,2.2149253731343284
564,252,20289.06636078993,0.6146788990825688,0.11938683783334074,2,3,0.11938581591984308,0.1193858158376633,1.626865671641791
565,20,7.728877719688551,0.424857324032974,0.009395707651229388,2,4,0.009395504180135517,0.00939550416436508,2.3537313432835822
566,27,12.673220390727268,0.42921204356181936,0.020612802059206466,1,4,0.02061302800172008,0.020613028020904985,2.3298507462686566
567,16,1.707488154520278,0.3793884484711212,0.008230098599212218,1,4,0.008230245310115446,0.008230245322897827,2.635820895522388
568,13,5.897375435240968,0.340793489318413,0.00032116008331953895,2,4,0.00032114551717314616,0.00032114551608435836,2.934328358208955
569,38,16.83034434847942,0.4576502732240437,0.02253991504628543,2,3,0.022539529794382264,0.022539529764220433,2.1850746268656716
570,29,15.183029798150065,0.40288634996993383,0.013237058956264062,1,4,0.013237272075899736,0.01323727209450987,2.482089552238806
571,51,74.21840020015142,0.4576502732240437,0.036925239929334275,1,4,0.036925610830029945,0.03692561086153485,2.1850746268656716
572,60,133.34643913269878,0.4422442244224422,0.034155363341486694,1,4,0.03415586176469255,0.034155861807679454,2.2611940298507465
573,29,19.69753033042179,0.43114543114543114,0.01272803411487579,2,4,0.012727753675316856,0.012727753653544458,2.319402985074627
574,98,343.5053044014537,0.4772079772079772,0.06168805079041116,1,4,0.06168843066258398,0.06168843069199594,2.0955223880597016
575,103,377.7710729544314,0.5003734129947722,0.06703852029315502,2,3,0.06703800747385874,0.06703800743138534,1.998507462686567
576,32,14.143610845513447,0.4630269523151348,0.02395913667006463,2,3,0.02395894372002534,0.02395894370425564,2.1597014925373132
577,88,279.861208738709,0.4926470588235294,0.0642870542135316,3,4,0.0642869199989772,0.06428691998471098,2.029850746268657
578,27,12.47991970078189,0.42138364779874216,0.017248667291313354,1,4,0.017248909177238092,0.017248909198224277,2.373134328358209
579,28,13.322614350690813,0.410790925812385,0.017319394677033046,1,4,0.017319639619794283,0.017319639640530165,2.434328358208955
580,192,2523.2505031246283,0.5390185036202735,0.11459623802391039,1,3,0.11459659497213878,0.11459659499829752,1.855223880597015
581,39,122.7531903028307,0.47017543859649125,0.028449898554633212,1,3,0.028450021044105257,0.0284500210537106,2.126865671641791
582,71,79.09748240776445,0.4848046309696093,0.058120910627988326,1,3,0.058120907054418317,0.058120907051111656,2.062686567164179
583,19,3.125202693326172,0.3768278965129359,0.008673230554730094,1,4,0.008673397072122516,0.008673397086623055,2.653731343283582
584,67,186.16438368933976,0.469187675070028,0.04455060437826158,1,4,0.04455094534864818,0.04455094537656168,2.1313432835820896
585,75,199.6478677134858,0.48201438848920863,0.043446722393171044,2,3,0.043446155804003364,0.043446155758948425,2.074626865671642
586,33,26.68575217536297,0.4620689655172414,0.025275023367416972,1,4,0.02527512319158705,0.02527512319888109,2.1641791044776117
587,148,3593.9535709580746,0.5325914149443561,0.09698447307852921,3,3,0.09698444410225424,0.09698444409718088,1.8776119402985074
588,23,68.04240797257727,0.35281727224855186,0.0006526203804197145,2,4,0.0006525902738866573,0.000652590271622691,2.834328358208955
589,24,252.10295565877612,0.36752605595172794,0.0009841624875715268,2,4,0.0009841241287609282,0.000984124125855978,2.7208955223880595
590,24,210.74919212580974,0.40361445783132527,0.003049198187644746,2,4,0.0030491069617949317,0.003049106954763058,2.4776119402985075
591,32,17.15678245243801,0.4381948986265533,0.023073619948500088,3,4,0.02307356135098254,0.023073561344434234,2.282089552238806
592,59,49.05610090151821,0.47517730496453897,0.0406077632813613,2,3,0.04060736611534885,0.040607366083096195,2.1044776119402986
593,33,203.70269921719347,0.37057522123893805,0.0013559430747022603,2,4,0.0013558875756411095,0.0013558875714486502,2.698507462686567
594,32,16.064203028518715,0.4240506329113924,0.013816826768064498,2,3,0.013816492594225498,0.01381649256815363,2.3582089552238807
595,58,90.99448779096002,0.46951646811492637,0.03207198117435866,2,3,0.03207142842794988,0.03207142838454465,2.129850746268657
596,108,454.52651903506404,0.5041384499623777,0.0791123934285762,1,3,0.07911235830478543,0.07911235829844096,1.983582089552239
597,60,198.08992018395406,0.47754811119030655,0.024618506181808924,2,3,0.02461797557222491,0.024617975531068866,2.0940298507462685
598,81,114.95879324380832,0.49300956585724803,0.05551759334686074,2,3,0.05551709091229745,0.055517090870769586,2.0283582089552237
599,82,191.75039827210148,0.46143250688705234,0.05207007063669676,1,4,0.05207060545056486,0.05207060549573001,2.1671641791044776
600,29,30.355719354941776,0.41358024691358025,0.01615946498553111,1,4,0.01615970111588294,0.016159701136473796,2.417910447761194
601,40,36.84905156011194,0.42811501597444085,0.025099575796666693,1,4,0.02509979477708071,0.025099794794886877,2.3358208955223883
602,54,757.0214562235983,0.391812865497076,0.0024291541145848266,2,4,0.0024290571780415894,0.002429057170695368,2.5522388059701493
603,36,110.91407142715487,0.42948717948717946,0.008905742921203675,2,4,0.008905497852398045,0.008905497833404302,2.328358208955224
604,20,6.891038536988093,0.40191961607678467,0.013364994463072618,1,4,0.013365117168385168,0.013365117178324764,2.488059701492537
605,113,1039.2500206006118,0.5214007782101167,0.06577360549267,2,3,0.06577289310305115,0.06577289304608937,1.9179104477611941
606,47,33.750336859944085,0.4289372599231754,0.029049638973465172,1,4,0.029050049356318483,0.029050049391817535,2.3313432835820898
607,99,351.1265158793248,0.4974016332590943,0.07153143792419506,1,3,0.07153138153999908,0.07153138153150419,2.0104477611940297
608,93,902.1972020674631,0.5045180722891566,0.045440094753248284,2,3,0.04543941472394928,0.04543941467084534,1.982089552238806
609,67,138.2829192533641,0.49084249084249076,0.05258298494157643,2,3,0.052582666960579956,0.05258266693421262,2.037313432835821
610,47,19.20276975137527,0.43762246897452645,0.03364412391720701,1,4,0.033644553638707955,0.03364455367549428,2.2850746268656716
611,18,10.63182431351041,0.36792970895112576,0.006692499665255014,1,4,0.006692617052151727,0.006692617062406852,2.717910447761194
612,41,25.3891909084933,0.4058146577831617,0.018106646447346046,1,4,0.01810696245662935,0.01810696248428628,2.464179104477612
613,42,54.12098575469653,0.4731638418079096,0.03331075442923879,1,3,0.03331084694554075,0.03331084695200349,2.1134328358208956
614,49,41.80383205973532,0.4708362614195362,0.03503418094828993,2,4,0.035033859731157364,0.03503385970481148,2.1238805970149253
615,113,726.4002855664507,0.46755059316120023,0.05365484581108854,1,4,0.05365561758894047,0.053655617655954634,2.138805970149254
616,19,194.3917149353928,0.41180086047940995,0.002759348766049187,2,3,0.002759287235196537,0.00275928723042423,2.428358208955224
617,37,202.18379824435175,0.4347826086956522,0.01416423899127916,2,3,0.014163890996965179,0.014163890969859204,2.3
618,33,17.963290192026268,0.46270718232044195,0.025956086358162836,2,4,0.025955849466286318,0.025955849447018543,2.1611940298507464
619,12,7.078960644442021,0.3238279362010633,0.00023452243710922206,2,4,0.00023451035469362387,0.00023451035378978024,3.0880597014925373
620,66,168.99019870402265,0.4451827242524917,0.03572844164029108,1,4,0.03572889772857535,0.035728897768201984,2.246268656716418
621,65,80.64921591705152,0.4851556842867487,0.05384291279378091,3,3,0.05384278338381685,0.0538427833707667,2.0611940298507463
622,22,2.665405627941617,0.3793884484711212,0.01115297109112343,1,4,0.011153178961599857,0.011153178979718952,2.635820895522388
623,45,49.32969093476006,0.464632454923717,0.035164698410063804,1,4,0.03516486192464972,0.03516486193702652,2.1522388059701494
624,300,14699.163380078378,0.6141154903758019,0.1606412594576828,1,3,0.16064150001697516,0.16064150003703478,1.628358208955224
625,40,31.866686716506166,0.43309631544925664,0.023195449639322924,1,4,0.023195767219588197,0.023195767247240588,2.308955223880597
626,52,129.6915594779336,0.4611149346180317,0.028243433768268735,2,3,0.02824299296656279,0.028242992931496676,2.1686567164179102
627,60,58.00448124727236,0.45827633378932964,0.04417863094124954,1,4,0.04417880679391069,0.044178806806479134,2.182089552238806
628,61,132.21359278189743,0.464632454923717,0.03749562683628338,1,4,0.03749608619173273,0.03749608623134759,2.1522388059701494
629,24,178.27052294192714,0.3817663817663818,0.0013812567059954752,2,4,0.0013812010944643282,0.0013812010902575366,2.6194029850746268
630,27,31.536029370972468,0.41770573566084784,0.013797885887015691,1,4,0.013798086876635172,0.013798086894330637,2.3940298507462687
631,19,7.8551355034642985,0.4058146577831617,0.005310982242799067,2,4,0.005310847219073255,0.005310847208533203,2.464179104477612
632,35,37.80287356739337,0.43733681462140994,0.025124591771402464,1,4,0.025124740430767737,0.025124740442753292,2.2865671641791043
633,13,13.987173383622059,0.3289150711831124,0.00048001412917671535,2,4,0.00047999162771578254,0.0004799916260130273,3.0402985074626865
634,28,9.382112121972101,0.41511771995043373,0.019940870944347218,1,4,0.019941087362448488,0.01994108738049257,2.408955223880597
635,24,7.768455190986306,0.36712328767123287,0.009206742967986592,1,4,0.009206924114481544,0.009206924130402822,2.7238805970149254
636,21,118.20213911417446,0.42948717948717946,0.004445525358538609,2,3,0.004445426285220978,0.004445426277483538,2.328358208955224
637,28,14.712963358322387,0.4208542713567839,0.019502850612176086,1,4,0.019503028092401654,0.019503028106679348,2.3761194029850747
638,25,14.559892661952988,0.3927315357561547,0.016282579963598706,1,4,0.016282779993402927,0.01628278001009998,2.546268656716418
639,24,51.16922201228343,0.3543098889476467,0.0008217287218808548,2,4,0.0008216941461327326,0.0008216941435229469,2.8223880597014928
640,24,160.92707507405152,0.40978593272171254,0.003694825064335566,2,4,0.00369472173229462,0.003694721724307966,2.4402985074626864
641,76,3256.6456077814323,0.44577511643379913,0.0057109216271907254,2,3,0.005710753308491566,0.005710753295587967,2.243283582089552
642,24,19.34815337672624,0.41953663118346907,0.008286846539986473,2,3,0.008286650211649467,0.008286650196311784,2.3835820895522386
643,29,16.405928294929815,0.4077906269020085,0.018302783345055328,1,4,0.01830302440847614,0.018303024428885505,2.452238805970149
644,27,7.8254330005845505,0.4123076923076923,0.0106981458455252,2,4,0.010697874254675997,0.010697874233510736,2.425373134328358
645,22,4.827210226931556,0.46398891966759004,0.022017357666191787,2,3,0.022017223979433065,0.022017223968186783,2.1552238805970148
646,47,98.13613214289875,0.47585227272727276,0.022495554771277734,2,3,0.02249510980690561,0.022495109772358992,2.1014925373134328
647,57,220.14478686704163,0.4662491301322199,0.023550866202531124,2,3,0.023550324039902867,0.023550323997726715,2.144776119402985
648,104,428.82626585781543,0.49300956585724803,0.07444596059461614,1,4,0.07444618602610646,0.07444618604266043,2.0283582089552237
649,29,63.68047343977731,0.3539355520338088,0.0006613236603161206,2,4,0.0006612917125654173,0.0006612917101782213,2.825373134328358
650,23,33.25289244000334,0.35412262156448204,0.0009788331967759574,2,4,0.0009787887733258252,0.0009787887699768594,2.8238805970149254
651,14,2.7079390326378685,0.39227166276346603,0.004967513581203038,2,4,0.004967382608711468,0.00496738259853777,2.5492537313432835
652,125,1733.2351130473462,0.5079605761940864,0.07091334555769847,1,3,0.0709138631174238,0.07091386316162306,1.9686567164179105
653,37,63.13537526572398,0.46270718232044195,0.020752476908343743,2,3,0.020752087525305343,0.020752087494855364,2.1611940298507464
654,127,804.7627524733365,0.5110602593440122,0.0841164569884906,1,3,0.0841165626627903,0.08411656266776653,1.9567164179104477
655,38,251.36676089851557,0.44936284372904095,0.01836645177543614,1,4,0.01836667905586864,0.01836667907571228,2.225373134328358
656,53,102.682128500337,0.4795991410164639,0.034501161200637225,2,3,0.03450077554202016,0.03450077551109217,2.0850746268656715
657,9,1.416695932337556,0.31996179560649474,0.0001672387219373822,2,4,0.0001672295385467295,0.00016722953786341683,3.1253731343283584
658,27,17.73682444984507,0.4184884447220487,0.012241027979568424,2,4,0.0122407400336174,0.012240740011108003,2.3895522388059702
659,75,2731.9195247975154,0.4333764553686934,0.004401406452657273,2,3,0.0044012546110249896,0.004401254599465259,2.307462686567164
660,36,62.96338882041139,0.43421905379131565,0.021355908743090762,1,4,0.021356182937940386,0.021356182961865353,2.3029850746268656
661,42,30.6236082108478,0.4633471645919779,0.036068882722974066,1,4,0.03606898108931535,0.03606898109609564,2.1582089552238806
662,19,35.13150972008072,0.3266699171136031,0.0003141049831219227,2,4,0.0003140880699369248,0.00031408806867866325,3.0611940298507463
663,11,5.184107297927904,0.4243191893603547,0.010381135264206429,1,4,0.010381200478380386,0.010381200484115735,2.3567164179104476
664,133,777.2051577851464,0.47754811119030655,0.07092077431931457,1,4,0.07092167145761266,0.07092167153414544,2.0940298507462685
665,95,249.79721189467708,0.4966641957005189,0.06069884765048773,2,3,0.06069829730785751,0.06069829726313662,2.0134328358208955
666,15,15.736123516676209,0.31206334420121096,0.0002047879374874141,2,4,0.00020477505069539084,0.00020477504974264618,3.2044776119402987
667,24,68.28599078631379,0.35695258391049545,0.0011434639937644936,2,4,0.0011434126154761508,0.0011434126115924933,2.801492537313433
668,21,4.669448789984642,0.4502688172043011,0.015829083024534812,2,4,0.015828915986898957,0.015828915973397282,2.2208955223880595
669,20,3.4516012192735626,0.4364820846905538,0.018638589705543752,2,4,0.018638493745532173,0.018638493737663013,2.291044776119403
670,17,2.5737256963979775,0.4128157732593962,0.007166294371646419,2,3,0.007166129722715754,0.007166129709807231,2.4223880597014924
671,35,8.328823123167473,0.46722454672245467,0.03001319531045103,2,4,0.030013008364690875,0.030013008348741068,2.1402985074626866
