UserId,degree,betweenness,closeness,eigenvector,community,eccentricity,authority,hub,farness
1,1,0.0,0.12402301837043025,0.0025964997151422388,1,10,0.002596376874805182,0.00259637680219824,8.063019374461712
2,3,5.333333333333333,0.03619402985074627,5.807638495229845e-09,2,7,1.3863852172563173e-13,7.128584894092025e-14,27.628865979381445
3,0,0.0,0.0,0.0,3,0,0.0,0.0,0.0
4,4,16.35134435397913,0.1605673635163083,0.050921811983266195,4,9,0.05092194792873516,0.050921948041006394,6.2279156741490205
5,2,0.0,0.0923031197181081,9.314749301989135e-05,5,12,9.3143035328336e-05,9.314303262355555e-05,10.833870004112322
6,3,215.19678778737588,0.12442412774420267,0.0030154153260071102,6,10,0.0030154021301532683,0.0030154021181271373,8.037026404202326
7,3,47.5,0.04268475252914757,1.1330586394556681e-08,2,6,2.7051074274217115e-13,1.3909262723441773e-13,23.42756934849612
8,3,358.0,0.13461140762248938,0.012086996463461062,7,10,0.012086434206550083,0.012086433869287675,7.428790900132681
9,6,12.039621489621489,0.12442412774420267,0.019173562975430637,4,10,0.019173713250801055,0.019173713427181265,8.037026404202326
10,2,1068.0,0.14051110408512588,0.012116378495336788,8,9,0.01211641510166136,0.012116415140057875,7.116875257020042
11,0,0.0,0.0,0.0,9,0,0.0,0.0,0.0
12,1,0.0,0.0014925373134328358,6.618767256786766e-27,10,1,2.0820666763358972e-44,1.6772661354052667e-45,670.0
13,0,0.0,0.0,0.0,11,0,0.0,0.0,0.0
14,3,9.625389981093095,0.1481969965273785,0.03273122506439966,4,9,0.032731485701102424,0.03273148585195644,6.747775079336753
15,32,10313.254511855599,0.20683838870165303,0.24322529412057134,7,8,0.24322388865762015,0.24322388775910592,4.834692468245901
16,1,0.0,0.10935741983657608,0.0009932799196691157,7,11,0.0009931761167520051,0.000993176055381453,9.144326937252194
17,1,0.0,0.12354508766380044,0.004813107674526846,7,10,0.004812502281698663,0.004812501925003761,8.094210938772978
18,2,0.0,0.03858044940134492,9.347351685027982e-09,2,7,2.2314971099748425e-13,1.1474025761048117e-13,25.919863960038263
19,2,96.0,0.042555404794210765,9.225397104416047e-09,2,6,2.202562039011433e-13,1.1325249683282832e-13,23.498777765968754
20,1,0.0,0.0014925373134328358,6.618767256786766e-27,12,1,2.0820666763358972e-44,1.6772661354052667e-45,670.0
21,5,268.991341991342,0.03510820895522388,5.550700742862338e-09,13,8,1.3251252690919193e-13,6.813597586319351e-14,28.48336698905303
22,2,681.7493043244427,0.1639895153389065,0.02924234823709658,14,7,0.029242397192993413,0.029242397188589793,6.097950822852089
23,8,583.7268195632223,0.16029975124378107,0.04976965658749986,7,9,0.049768027371092594,0.049768026386505744,6.238312862252776
24,0,0.0,0.0,0.0,15,0,0.0,0.0,0.0
25,0,0.0,0.0,0.0,16,0,0.0,0.0,0.0
26,5,1425.0,0.06500834791907309,8.459393312441734e-08,17,11,8.459352971241114e-08,8.459352889491846e-08,15.382639799504972
27,6,47.85675441273946,0.1460589988553814,0.03593800085975269,4,10,0.03593820669098324,0.03593820693169244,6.846548366322422
28,6,33.621639201126044,0.14550658206697226,0.034915379634374195,4,10,0.03491557568643398,0.0349155759289289,6.872541336581808
29,0,0.0,0.0,0.0,18,0,0.0,0.0,0.0
30,35,7261.559694280421,0.1964859055082097,0.25806233756328034,4,9,0.2580654240227787,0.2580654260509932,5.0894235767878895
31,3,746.6497483765847,0.1597671939306788,0.027230308964199583,17,7,0.027230069885245206,0.0272300697347658,6.2591072384602855
32,5,27.90396825396826,0.04681094527363183,3.0328628622856586e-08,2,6,7.240543920715494e-13,3.722980177851284e-13,21.36252524178978
33,1,0.0,0.14661562613760468,0.02111525172572547,4,9,0.021115430462566327,0.021115430570046913,6.8205553960630345
34,1,0.0,0.14661562613760468,0.02111525172572547,4,9,0.021115430462566327,0.021115430570046913,6.8205553960630345
35,0,0.0,0.0,0.0,19,0,0.0,0.0,0.0
36,5,354.2269841269839,0.03764955383938218,3.1126654988085232e-09,13,7,7.429929787636038e-14,3.8203582075866655e-14,26.560739717291955
37,2,0.0,0.1512261804186614,0.02667106240855383,4,9,0.026671155638288088,0.026671155738788196,6.612611633987942
38,3,358.0,0.1496962657529473,0.023718347800497933,7,9,0.023718159057641488,0.023718158933277732,6.680193356662348
39,3,51.16224747474746,0.03213566037091431,1.2191331698236566e-09,2,8,2.9106232415144664e-14,1.496599383580258e-14,31.11807843554044
40,3,0.0,0.10325265780597816,0.00044749367343267646,20,11,0.0004474829692659967,0.0004474829621691253,9.684980718647434
41,2,714.0000000000001,0.12426337305719466,0.002776076920344756,6,10,0.0027760681951895846,0.0027760681861468835,8.04742359230608
42,2,54.8047619047619,0.1291004708003606,0.0038559319935564675,17,9,0.0038558819950083984,0.0038558819630114837,7.745905137297197
43,8,69.06786104675724,0.15923816348719977,0.06738352132793486,21,9,0.06738439013505128,0.06738439045985016,6.279901614667794
44,1,0.0,0.032965454418050585,1.4456297109483256e-09,2,7,3.4507713863978946e-14,1.774334492334508e-14,30.334785843341486
45,1,0.0,0.11144826274191037,0.0012802311471705398,7,11,0.0012801232703465034,0.0012801232074186402,8.972773333540243
46,0,0.0,0.0,0.0,22,0,0.0,0.0,0.0
47,2,83.91666666666667,0.032965454418050585,1.2601151951199883e-09,2,8,3.0085668897873195e-14,1.5469608009266548e-14,30.334785843341486
48,5,358.0,0.17599240758695087,0.08834114147925906,7,9,0.08834087117655422,0.0883408709638428,5.6820632987019035
49,2,0.0,0.15639000121344496,0.042051197724378916,4,9,0.042051389859704046,0.04205138996488547,6.394270683809095
50,4,47.5,0.02956480754124116,1.0179832729169731e-09,13,8,2.4299129872172768e-14,1.2494253292887895e-14,33.82399829950048
51,6,22.679962844972444,0.1583207419691665,0.05721065978786902,21,9,0.05721133333629222,0.05721133358016111,6.316291773030936
52,0,0.0,0.0,0.0,23,0,0.0,0.0,0.0
53,2,0.0,0.0948051756986384,0.0002707961955424202,24,12,0.0002707986410528414,0.0002707986453789779,10.547947331259069
54,2,0.0,0.05800956016059629,7.411812211235923e-09,17,12,7.411737746140946e-09,7.4117376326634875e-09,17.238537876025173
55,2,0.0,0.03858044940134492,9.347351685027982e-09,2,7,2.2314971099748425e-13,1.1474025761048117e-13,25.919863960038263
56,7,1235.9596928495519,0.12755948374836693,0.004442652650957508,20,10,0.004442587631409338,0.004442587589230733,7.839479830230988
57,0,0.0,0.0,0.0,25,0,0.0,0.0,0.0
58,2,0.0,0.14398181249441414,0.022758875035065088,4,10,0.022759294566468972,0.022759294843803197,6.945321653308091
59,1,0.0,0.12434369844378623,0.004438778541613283,7,10,0.004438401056472237,0.004438400832941673,8.042224998254204
60,1,0.0,0.12884105927162579,0.006410354656002623,7,10,0.006410207576680703,0.006410207482938032,7.761500919452829
61,3,305.0537830461717,0.15098877668174043,0.020568366886740345,1,9,0.020568168938648233,0.020568168812249484,6.623008822091697
62,3,16.62738095238095,0.12037528253600582,0.0019468176361599843,21,10,0.0019467956907546363,0.0019467956772156424,8.307353294899947
63,1,0.0,0.14842569559609362,0.020935945998653446,4,9,0.020935959397137716,0.020935959394838558,6.737377891232998
64,5,72.20000000000002,0.03944742579238638,1.5348030915679084e-08,2,7,3.664173176073598e-13,1.884063352806196e-13,25.3501966202572
65,6,0.5,0.14572704658525554,0.04301845615005497,26,10,0.04301968409065679,0.04301968491095269,6.862144148478054
66,10,14.502534483422652,0.1361356698460986,0.05550072036737227,21,10,0.055501760543034996,0.05550176096177692,7.345613395302644
67,1,0.0,0.02392382211599583,1.8574068320772985e-10,13,10,4.434124792277598e-15,2.2799613521413348e-15,41.79934105643533
68,1,0.0,0.12655243519245876,0.0027662868600545477,1,9,0.002766267623656803,0.0027662676084664016,7.901862958853516
69,0,0.0,0.0,0.0,27,0,0.0,0.0,0.0
70,5,126.0821789321788,0.04167146463528057,1.4865116110381224e-08,13,7,3.548687657052555e-13,1.8246822515994163e-13,23.997236688277184
71,6,0.8679653679653679,0.12798383332836813,0.03734972021437186,21,10,0.03735047230765613,0.03735047261106408,7.813486859971602
72,0,0.0,0.0,0.0,28,0,0.0,0.0,0.0
73,10,5162.666468753542,0.17615357279536387,0.07161154131557874,17,9,0.07161143073658224,0.07161143062074682,5.676864704650026
74,2,714.0,0.11164231079079356,0.000982484189522418,8,10,0.000982488731642372,0.000982488736266786,8.95717755138461
75,2,4.351806078575588,0.12866869665052663,0.005407863750660952,7,9,0.005407721321722865,0.005407721236341648,7.771898107556583
76,0,0.0,0.0,0.0,29,0,0.0,0.0,0.0
77,4,1070.0,0.11138372987408066,0.001063116392935204,5,11,0.0010630837569780283,0.0010630837370457084,8.97797192759212
78,4,551.5540274308638,0.1305018327629154,0.002844949982833375,17,7,0.0028449135797765793,0.002844913556523218,7.66272763246716
79,0,0.0,0.0,0.0,30,0,0.0,0.0,0.0
80,5,631.3333333333333,0.03582470301553457,2.1443240526912168e-09,31,7,5.118195391126725e-14,2.6316986608262808e-14,27.913699649271972
81,0,0.0,0.0,0.0,32,0,0.0,0.0,0.0
82,1,0.0,0.029815888709319643,1.3610963518989931e-09,2,8,3.249483718036445e-14,1.6708363169400272e-14,33.53916462960995
83,1,0.0,0.13386200521401345,0.007548382338901479,7,9,0.007548304436555676,0.007548304382729153,7.470379652547699
84,0,0.0,0.0,0.0,33,0,0.0,0.0,0.0
85,2,0.0,0.034674774276764325,2.822883654091508e-09,2,7,6.738885295904754e-14,3.465034009956496e-14,28.8394090764162
86,1,0.0,0.0014925373134328358,6.618767256786766e-27,34,1,2.0820666763358972e-44,1.6772661354052667e-45,670.0
87,2,96.0,0.042555404794210765,9.225397104416047e-09,2,6,2.202562039011433e-13,1.1325249683282832e-13,23.498777765968754
88,1,0.0,0.0014925373134328358,6.618767256786766e-27,35,1,2.0820666763358972e-44,1.6772661354052667e-45,670.0
89,0,0.0,0.0,0.0,36,0,0.0,0.0,0.0
90,2,2.0,0.0033582089552238806,4.965730134404271e-22,37,2,3.447488938390991e-36,4.4936357587174246e-37,297.77777777777777
91,0,0.0,0.0,0.0,38,0,0.0,0.0,0.0
92,2,0.0,0.003411513859275053,6.01175024970364e-19,39,3,6.317950954622422e-31,1.1270006924655988e-31,293.125
93,1,0.0,0.12655243519245876,0.0027662868600545477,1,9,0.002766267623656803,0.0027662676084664016,7.901862958853516
94,3,151.00527688111862,0.124827840034093,0.0021576118678259793,17,8,0.002157583156171758,0.0021575831365591605,8.01103343394294
95,2,358.0,0.1531526285768609,0.019579807947405086,7,9,0.019579648743033147,0.019579648647780012,6.529434129157906
96,0,0.0,0.0,0.0,40,0,0.0,0.0,0.0
97,0,0.0,0.0,0.0,41,0,0.0,0.0,0.0
98,1,0.0,0.0014925373134328358,6.618767256786766e-27,42,1,2.0820666763358972e-44,1.6772661354052667e-45,670.0
99,12,839.5752236704512,0.15639000121344496,0.06309247895999655,4,9,0.06309280744282868,0.06309280775418298,6.394270683809095
100,3,118.67777777777773,0.04000935493472806,1.0498566089578031e-08,13,7,2.506328881167487e-13,1.2887169988408007e-13,24.99415453289404
101,2,0.0,0.10336362251076696,0.00037868067430034034,17,9,0.0003786731924166505,0.0003786731873214414,9.67458353054368
102,10,890.7392446808112,0.14398181249441414,0.019900048920894895,14,7,0.01990024763987073,0.019900247789297755,6.945321653308091
103,0,0.0,0.0,0.0,43,0,0.0,0.0,0.0
104,4,384.8532601391553,0.15845115444195826,0.03142028988584006,21,9,0.03142033865523604,0.03142033864417229,6.311093178979058
105,4,561.7066496766572,0.15715661886645205,0.030447494822546353,7,9,0.03044722860803074,0.030447228438601443,6.363079119497831
106,3,98.87145774422675,0.13691081956764223,0.009440813707924859,1,10,0.009440607757978158,0.009440607630139377,7.304024642887625
107,3,411.1331038111042,0.15475438575425365,0.020475005893018903,21,9,0.02047484740037749,0.0204748473028487,6.461852406483501
108,4,0.0,0.03235779627209574,1.0756824800864546e-08,2,8,2.568130952460417e-13,1.3204948251588985e-13,30.904453183122545
109,2,0.0,0.15087035411179398,0.028505720346379798,7,9,0.028505557000640912,0.028505556889418977,6.6282074161435744
110,2,0.5,0.03312095184455083,2.96590272063606e-09,2,7,7.079691720754128e-14,3.6402704284954085e-14,30.192369008396216
111,2,22.712590732374956,0.14877007075988966,0.024481098718602372,7,9,0.024481062259233584,0.02448106223768065,6.721782109077366
112,2,0.0,0.025032591055418094,1.9242920026202704e-10,13,9,4.5924020655606e-15,2.3613436770742498e-15,39.947922202146884
113,4,1.3333333333333333,0.029135443116368363,5.950412755050707e-10,31,8,1.4202669138242058e-14,7.302802188277576e-15,34.32245722180891
114,1,0.0,0.0014925373134328358,6.618767256786766e-27,44,1,2.0820666763358972e-44,1.6772661354052667e-45,670.0
115,1,0.0,0.1239431066317895,0.0027579436952685043,6,10,0.0027579350813856348,0.0027579350724681517,8.06821796851359
116,2,0.0,0.0923031197181081,9.314749301989135e-05,5,12,9.3143035328336e-05,9.314303262355555e-05,10.833870004112322
117,0,0.0,0.0,0.0,45,0,0.0,0.0,0.0
118,5,400.0365955184133,0.14865510161710765,0.03786679828400104,4,10,0.0378672680344246,0.03786726836077221,6.726980703129244
119,8,934.7390153976542,0.16712398044529742,0.07851198530427493,4,8,0.07851280878984221,0.07851280936159348,5.983581753710787
120,1,0.0,0.0014925373134328358,6.618767256786766e-27,46,1,2.0820666763358972e-44,1.6772661354052667e-45,670.0
121,4,284.9343434343433,0.03900912106135986,7.301600761459841e-09,2,7,1.7431104447168e-13,8.962813891505602e-14,25.635030290147732
122,2,0.0,0.02674911158493248,4.1833519627444174e-10,2,9,9.986888965275574e-15,5.13510908288949e-15,37.38441917313211
123,0,0.0,0.0,0.0,47,0,0.0,0.0,0.0
124,4,161.58560392136232,0.1324791332593232,0.012375886240251266,7,10,0.012374417858243652,0.012374416995610985,7.548358563325859
125,1,0.0,0.13386200521401345,0.007548382338901479,7,9,0.007548304436555676,0.007548304382729153,7.470379652547699
126,2,48.08775252525253,0.031138101068934703,1.203341292746923e-09,2,8,2.872904125332099e-14,1.4772047596826634e-14,32.1149962801573
127,2,0.0,0.02455119507358313,1.1184867239266414e-10,48,9,2.6696506500264318e-15,1.372693625944639e-15,40.731214794345846
128,2,358.0,0.118448092052055,0.0014664460726298196,14,7,0.0014664503780273475,0.0014664503798645725,8.442516740248756
129,3,0.0,0.14695164361538374,0.029350419799368473,4,9,0.029350743061451225,0.02935074325089013,6.804959613907403
130,3,13.925,0.13789225913443534,0.011633914848883745,7,10,0.011633578393778165,0.011633578192940192,7.252038702368852
131,1,0.0,0.13623208321001226,0.014101216598213779,4,10,0.014101372820935931,0.014101372911249724,7.340414801250766
132,2,66.72235769604194,0.1345172737710051,0.005962417360573095,17,9,0.005962398594129503,0.005962398577983803,7.433989494184558
133,3,68.10765690811333,0.16469152525046002,0.049289860091404285,7,9,0.04928971515150534,0.04928971502321768,6.0719578525927025
134,0,0.0,0.0,0.0,49,0,0.0,0.0,0.0
135,3,0.0,0.02889564523063694,5.223802500274085e-10,31,8,1.246899496159805e-14,6.411373445063671e-15,34.607290891699435
136,0,0.0,0.0,0.0,50,0,0.0,0.0,0.0
137,3,3.725,0.15075211715716091,0.03655979159208788,4,9,0.03656003946945061,0.036560039638420604,6.6334060101954515
138,0,0.0,0.0,0.0,51,0,0.0,0.0,0.0
139,1,0.0,0.14661562613760468,0.02111525172572547,4,9,0.021115430462566327,0.021115430570046913,6.8205553960630345
140,0,0.0,0.0,0.0,52,0,0.0,0.0,0.0
141,10,1061.5407336481178,0.16918179550794837,0.08535632393804975,4,9,0.08535726548911138,0.0853572661244405,5.910801436984506
142,2,0.0,0.15715661886645205,0.040382544013845625,7,9,0.040382740618976946,0.04038274075252384,6.363079119497831
143,3,60.15551425948307,0.1597671939306788,0.029223557613171497,7,9,0.02922310325387714,0.02922310297745412,6.2591072384602855
144,2,0.0,0.034674774276764325,2.822883654091508e-09,2,7,6.738885295904754e-14,3.465034009956496e-14,28.8394090764162
145,2,0.0,0.0033921302578018993,7.152634442399958e-19,53,4,8.316488157883921e-31,1.4929001482766633e-31,294.8
146,2,358.0,0.1328450977158407,0.005806553651963829,17,10,0.005806537807471734,0.005806537793296972,7.52756418711835
147,0,0.0,0.0,0.0,54,0,0.0,0.0,0.0
148,0,0.0,0.0,0.0,55,0,0.0,0.0,0.0
149,4,117.9166666666664,0.10764392920679199,0.0005764523974949102,56,11,0.0005764505872756742,0.0005764505849448297,9.28988757070476
150,10,986.1088710052102,0.17267477692328304,0.07999879428564634,7,9,0.07999679298371329,0.07999679175000525,5.791233773791327
151,5,165.74999999999997,0.03666653676785783,2.7911227563446443e-09,13,7,6.662380026417612e-14,3.425695982928188e-14,27.272823892018284
152,0,0.0,0.0,0.0,57,0,0.0,0.0,0.0
153,2,358.0,0.13312090068687704,0.00910630069364519,4,10,0.009106402357919454,0.009106402421480777,7.511968404962717
154,4,32.28333333333333,0.031138101068934703,2.115991737201564e-09,13,8,5.0511963755077234e-14,2.5972498320293602e-14,32.1149962801573
155,1,0.0,0.0789329919952964,6.417503274215688e-06,8,12,6.417558294794108e-06,6.4175583593709035e-06,12.668973704425012
156,1,0.0,0.07156238894811656,7.767435119909311e-07,14,10,7.767507980788673e-07,7.767508012287669e-07,13.973820811446217
157,7,1380.5831846573403,0.1278987376945062,0.002543092987599119,17,8,0.002543059204042429,0.00254305918097068,7.818685454023479
158,0,0.0,0.0,0.0,58,0,0.0,0.0,0.0
159,3,1420.0,0.13989796472184532,0.012924879208767146,7,10,0.012924615828627806,0.012924615669231074,7.148066821331305
160,2,0.0,0.1266357481846855,0.010029218125643767,21,10,0.010029367636172244,0.010029367701785344,7.896664364801639
161,4,190.0,0.04530091478093404,1.519385716237377e-08,2,6,3.6274156535753003e-13,1.8651634477377793e-13,22.074609416516104
162,3,47.5,0.03013580167830376,6.139618981418508e-10,13,8,1.4656216081727647e-14,7.536009935105859e-15,33.183122542246785
163,0,0.0,0.0,0.0,59,0,0.0,0.0,0.0
164,0,0.0,0.0,0.0,60,0,0.0,0.0,0.0
165,11,478.5531254453588,0.16151108437660563,0.07065420490011634,7,9,0.07064903405837154,0.07064903100543843,6.19152551578588
166,1,0.0,0.12434369844378623,0.0031660561630202067,7,10,0.0031660166297415417,0.003166016605305644,8.042224998254204
167,0,0.0,0.0,0.0,61,0,0.0,0.0,0.0
168,2,3.0,0.003980099502487562,4.141134589851811e-19,39,2,4.35238323511192e-31,7.763824778075791e-32,251.25
169,1,0.0,0.0014925373134328358,6.618767256786766e-27,62,1,2.0820666763358972e-44,1.6772661354052667e-45,670.0
170,0,0.0,0.0,0.0,63,0,0.0,0.0,0.0
171,1,0.0,0.1164404972715117,0.0030504466910317098,4,11,0.003050501995449375,0.00305050203417252,8.58807737370132
172,6,170.04920634920634,0.04094251773203951,2.1158299917490835e-08,2,7,5.051243042224146e-13,2.597273963477977e-13,24.424487193112977
173,1,0.0,0.0022388059701492534,3.0689900016268873e-22,37,3,2.130665339764924e-36,2.77721963194929e-37,446.6666666666667
174,0,0.0,0.0,0.0,64,0,0.0,0.0,0.0
175,4,0.0,0.17567096026715734,0.08776784535304502,7,9,0.08776757852902416,0.0877675783192839,5.6924604868056585
176,2,2464.0,0.1004489302833093,0.00015535801808557451,17,8,0.00015535748518310087,0.0001553574847165971,9.955307609345056
177,0,0.0,0.0,0.0,65,0,0.0,0.0,0.0
178,1,0.0,0.0014925373134328358,6.618767256786766e-27,66,1,2.0820666763358972e-44,1.6772661354052667e-45,670.0
179,3,0.0,0.08988771097782118,6.606445931596688e-05,56,12,6.606410262384106e-05,6.606410214732018e-05,11.12499127101745
180,2,0.0,0.14398181249441414,0.023772223990400746,26,10,0.02377270392626806,0.023772704244358962,6.945321653308091
181,1,0.0,0.10764392920679199,0.0009737225056734232,7,11,0.0009736560245462413,0.0009736559843571403,9.28988757070476
182,2,6.0,0.0046641791044776115,5.2691025891848725e-19,53,2,6.130136809434063e-31,1.1004584763706756e-31,214.4
183,0,0.0,0.0,0.0,67,0,0.0,0.0,0.0
184,2,5.25,0.02674911158493248,3.7955907304820054e-10,2,9,9.061095425302068e-15,4.659079704725251e-15,37.38441917313211
185,0,0.0,0.0,0.0,68,0,0.0,0.0,0.0
186,1,0.0,0.10330811036119084,0.00020486717633995914,17,9,0.00020486313858685578,0.0002048631358327791,9.679782124595556
187,5,81.26244180655948,0.13489460132716502,0.011196731821371153,1,9,0.011196418869255487,0.011196418677161746,7.4131951179770486
188,1,0.0,0.034589368428792,1.7919056673142974e-09,2,7,4.277285007747658e-14,2.19931525177051e-14,28.910617493888832
189,1,0.0,0.0014925373134328358,6.618767256786766e-27,10,1,2.0820666763358972e-44,1.6772661354052667e-45,670.0
190,2,0.0,0.11888733095954097,0.00542339175610485,4,10,0.005423468663330334,0.005423468707004562,8.411325175937494
191,2,47.5,0.042555404794210765,9.463509803492155e-09,2,6,2.2594165565114554e-13,1.1617587352103833e-13,23.498777765968754
192,2,0.0,0.0029850746268656717,5.552224396041952e-20,69,1,1.1446282602181242e-32,1.8441736187530056e-33,335.0
193,0,0.0,0.0,0.0,70,0,0.0,0.0,0.0
194,1,0.0,0.0014925373134328358,6.618767256786766e-27,34,1,2.0820666763358972e-44,1.6772661354052667e-45,670.0
195,10,1027.6015506232397,0.1517032346155657,0.0573933340871864,4,9,0.05739385875812482,0.05739385905852686,6.591817257780433
196,2,16.035772642390288,0.13067914503569109,0.010125566735045062,14,8,0.010125720694093067,0.010125720804983815,7.652330444363406
197,3,14.596379682409099,0.13166304003595983,0.013406971002568938,4,10,0.013407173957279906,0.01340717405443957,7.5951459097927545
198,0,0.0,0.0,0.0,71,0,0.0,0.0,0.0
199,9,2670.525906577291,0.16554191178359492,0.03433908529649602,1,8,0.03433893693932866,0.03433893681219425,6.040766288281438
200,1,0.0,0.13266186309830158,0.005768871620017716,17,10,0.005768855980385738,0.005768855966407667,7.537961375222105
201,1,0.0,0.0014925373134328358,6.618767256786766e-27,72,1,2.0820666763358972e-44,1.6772661354052667e-45,670.0
202,1,0.0,0.14934759432650413,0.019593738096940108,7,9,0.019593570111775146,0.019593570004440775,6.69578913881798
203,1,0.0,0.0014925373134328358,6.618767256786766e-27,73,1,2.0820666763358972e-44,1.6772661354052667e-45,670.0
204,1,0.0,0.10231899015560496,0.0004374151738805559,7,11,0.0004374108068041709,0.00043741080416837935,9.773356817529349
205,1,0.0,0.12236622232349702,0.0017893118639909676,17,9,0.0017892876712405144,0.0017892876568633353,8.172189849551136
206,0,0.0,0.0,0.0,74,0,0.0,0.0,0.0
207,0,0.0,0.0,0.0,75,0,0.0,0.0,0.0
208,0,0.0,0.0,0.0,76,0,0.0,0.0,0.0
209,0,0.0,0.0,0.0,77,0,0.0,0.0,0.0
210,0,0.0,0.0,0.0,78,0,0.0,0.0,0.0
211,0,0.0,0.0,0.0,79,0,0.0,0.0,0.0
212,8,1669.8961465599489,0.16124031977580663,0.0322310245907621,1,9,0.03223000515515888,0.0322300045486066,6.201922703889634
213,1,0.0,0.10336362251076696,0.0003870346773302208,20,11,0.00038703217584597005,0.0003870321734162734,9.67458353054368
214,9,743.0051382510597,0.1714435842179477,0.08740583542611774,4,9,0.08740615277869229,0.08740615297147593,5.832822526206345
215,2,96.0,0.042555404794210765,9.225397104416047e-09,2,6,2.202562039011433e-13,1.1325249683282832e-13,23.498777765968754
216,3,24.152805987248357,0.15702832774901004,0.04006584623587683,4,9,0.04006574640422726,0.04006574636482886,6.368277713549709
217,2,0.0,0.10471404545048303,0.00046308177598894043,6,11,0.0004630766554470174,0.00046307665143735164,9.549817273298624
218,1,0.0,0.09225884963670854,8.564357379293146e-05,5,12,8.563964134998791e-05,8.563963896759414e-05,10.839068598164198
219,10,592.0994690917323,0.1639895153389065,0.07740356365170738,21,9,0.07740418612337195,0.07740418638659302,6.097950822852089
220,14,814.6998667555719,0.1648326490938623,0.13636577461855967,4,9,0.1363674040970527,0.1363674050485702,6.0667592585408245
221,7,2.600227688977688,0.13809023797023495,0.03006240123342748,7,10,0.03005818662470785,0.030058184145464437,7.241641514265098
222,3,0.5,0.1440896640393538,0.024455581722942973,4,10,0.024456045712472348,0.024456046019266063,6.940123059256213
223,1,0.0,0.04229904693400467,8.998971540952244e-09,2,6,2.148498589848751e-13,1.104726329345134e-13,23.64119460091402
224,3,191.0,0.02455119507358313,8.838564297995932e-11,31,9,2.1088146962115898e-15,1.084320480678392e-15,40.731214794345846
225,3,6.0,0.0046641791044776115,8.79180385743836e-19,53,3,1.0215559823116534e-30,1.8337452501036426e-31,214.4
226,0,0.0,0.0,0.0,80,0,0.0,0.0,0.0
227,1,0.0,0.12747495128730107,0.006324718238205236,4,9,0.006324815408765512,0.006324815476634929,7.844678424282865
228,1,0.0,0.12007472003279483,0.0017890322329790964,21,10,0.0017890128738378942,0.0017890128619265874,8.328147671107455
229,2,358.0,0.08255781179937224,9.642088686904515e-06,14,9,9.642160685876241e-06,9.642160713483405e-06,12.112724140874139
230,1,0.0,0.0014925373134328358,6.618767256786766e-27,81,1,2.0820666763358972e-44,1.6772661354052667e-45,670.0
231,2,9.711415193470687,0.11546200569780149,0.0020740571576969053,4,11,0.002074109317557534,0.0020741093514591575,8.660857690427605
232,3,714.0,0.1150476683567807,0.0030907245977061073,24,11,0.003090748007024207,0.0030907480398343237,8.692049254738867
233,3,109.9,0.028601392224214973,1.1856172417660163e-09,13,9,2.8302196380303196e-14,1.455256574225298e-14,34.9633329790626
234,1,0.0,0.0014925373134328358,6.618767256786766e-27,82,1,2.0820666763358972e-44,1.6772661354052667e-45,670.0
235,11,90.41257753594503,0.14123326100773664,0.037947036662608825,7,10,0.03794209933865255,0.03794209642591574,7.080485098656901
236,2,358.00000000000006,0.10102925498557633,0.00022509523400854152,6,11,0.00022509458059007426,0.0002250945795514877,9.898123074774404
237,0,0.0,0.0,0.0,83,0,0.0,0.0,0.0
238,1,0.0,0.0014925373134328358,6.618767256786766e-27,42,1,2.0820666763358972e-44,1.6772661354052667e-45,670.0
239,1,0.0,0.14661562613760468,0.02111525172572547,4,9,0.021115430462566327,0.021115430570046913,6.8205553960630345
240,4,1079.9523477986268,0.16611373185884049,0.03617310726857344,7,7,0.03617296332818339,0.03617296325488182,6.019971912073929
241,4,118.75,0.03546283732850897,2.3695900584648203e-09,13,7,5.6559986248009075e-14,2.9082293571250265e-14,28.198533319162504
242,4,468.57982079809796,0.134142051250026,0.008721511430998788,14,8,0.008721651568116273,0.008721651665915101,7.454783870392068
243,1,0.0,0.13508406003689416,0.007605320218562984,14,8,0.007605321540716499,0.007605321535196243,7.402797929873294
244,3,440.9566062299766,0.1231496168326103,0.002696831528119615,21,10,0.0026968372210605007,0.0026968372195962363,8.120203909032364
245,1,0.0,0.12781375514454307,0.00661584157168745,4,10,0.006615883497994696,0.006615883523531554,7.823884048075356
246,2,0.0,0.11409234963970186,0.002305676635116424,14,8,0.0023057158644376493,0.002305715893643868,8.76482957146515
247,3,358.0,0.14877007075988966,0.022919978656312477,4,9,0.022919994219093194,0.022919994216468526,6.721782109077366
248,0,0.0,0.0,0.0,84,0,0.0,0.0,0.0
249,1,0.0,0.03695600942655145,6.7205024823448105e-09,2,7,1.6043830656684764e-13,8.249498426751319e-14,27.059198639600382
250,2,0.0,0.11962668003267246,0.0024492000034496775,20,10,0.0024491660694815863,0.0024491660464736895,8.35933923541872
251,0,0.0,0.0,0.0,85,0,0.0,0.0,0.0
252,0,0.0,0.0,0.0,86,0,0.0,0.0,0.0
253,3,20.199825991002463,0.12082895822395562,0.0026575798294075914,1,10,0.0026575301445372654,0.0026575301121009127,8.276161730588681
254,0,0.0,0.0,0.0,87,0,0.0,0.0,0.0
255,2,86.44336968992793,0.1578012317412119,0.02868741337225008,1,9,0.028687421791556377,0.028687421762551336,6.337086149238444
256,3,47.5,0.04268475252914757,1.1330586394556681e-08,2,6,2.7051074274217115e-13,1.3909262723441773e-13,23.42756934849612
257,0,0.0,0.0,0.0,88,0,0.0,0.0,0.0
258,2,0.0,0.0948051756986384,0.0002707961955424202,24,12,0.0002707986410528414,0.0002707986453789779,10.547947331259069
259,6,111.96845878153603,0.16151108437660563,0.05844850514476922,4,9,0.05844872449893891,0.058448724678716237,6.19152551578588
260,0,0.0,0.0,0.0,89,0,0.0,0.0,0.0
261,0,0.0,0.0,0.0,90,0,0.0,0.0,0.0
262,5,984.5770746438591,0.1585817819394372,0.030467212962618638,21,9,0.0304672413528371,0.030467241333688957,6.305894584927181
263,0,0.0,0.0,0.0,91,0,0.0,0.0,0.0
264,2,358.0,0.10692590410924808,0.0007384021946544861,92,11,0.0007384145867764789,0.0007384145944691037,9.352270699327287
265,3,0.0,0.1289274138689928,0.005538530128069119,14,7,0.005538573606219287,0.005538573636123012,7.756302325400952
266,0,0.0,0.0,0.0,93,0,0.0,0.0,0.0
267,2,0.0,0.16016627934432748,0.03535519304797686,21,9,0.035355061023832624,0.0353550609086958,6.243511456304653
268,0,0.0,0.0,0.0,94,0,0.0,0.0,0.0
269,0,0.0,0.0,0.0,95,0,0.0,0.0,0.0
270,4,201.47647314733425,0.12014971985792461,0.0028606441919658047,20,10,0.002860600815284318,0.002860600786025789,8.32294907705558
271,0,0.0,0.0,0.0,96,0,0.0,0.0,0.0
272,2,32.85824632883459,0.12283505842435333,0.0026112024781320894,21,10,0.0026112020015411595,0.0026112019976548195,8.140998285239872
273,3,0.0,0.10325265780597816,0.00044749367343267646,20,11,0.0004474829692659967,0.0004474829621691253,9.684980718647434
274,0,0.0,0.0,0.0,97,0,0.0,0.0,0.0
275,2,2118.0,0.0850772673562748,1.2597597912736405e-05,17,9,1.2597551444880959e-05,1.2597551390139463e-05,11.754021151294605
276,0,0.0,0.0,0.0,98,0,0.0,0.0,0.0
277,5,359.0,0.10336362251076696,0.0006647543080934012,20,11,0.0006647387649552121,0.0006647387546041814,9.67458353054368
278,0,0.0,0.0,0.0,99,0,0.0,0.0,0.0
279,1,0.0,0.0014925373134328358,6.618767256786766e-27,44,1,2.0820666763358972e-44,1.6772661354052667e-45,670.0
280,0,0.0,0.0,0.0,100,0,0.0,0.0,0.0
281,1,0.0,0.13067914503569109,0.006444601649761145,7,10,0.006444362056382912,0.0064443619091361665,7.652330444363406
282,8,8.390258620682951,0.14227788571933234,0.03545104012279842,7,10,0.03544632173073877,0.0354463189517028,7.0284991581381275
283,10,1059.252789535615,0.169479913209284,0.07957404090189713,7,9,0.07957281857002058,0.07957281778454187,5.90040424888075
284,4,285.0169552669554,0.04501052430156907,1.43636288913147e-08,13,6,3.4292172707298823e-13,1.7632528703663105e-13,22.21702625146137
285,7,19.094937833044813,0.14865510161710765,0.05235887202841924,4,9,0.05235948439781396,0.05235948475205077,6.726980703129244
286,2,10.835226423902894,0.14010174908414955,0.013594517610705795,4,9,0.01359456173297195,0.0135945617798504,7.137669633227551
287,8,2240.5153242808806,0.15339689114237426,0.025653798233518845,20,9,0.025653574274883403,0.025653574126315196,6.519036941054151
288,2,4.0,0.0037313432835820895,2.967016044442698e-19,53,3,3.444931341507997e-31,6.183610307633217e-32,268.0
289,0,0.0,0.0,0.0,101,0,0.0,0.0,0.0
290,1,0.0,0.11707833322735076,0.0019107032942136774,7,10,0.0019106816194007685,0.0019106816046615324,8.541290027234426
291,7,2.600227688977688,0.13809023797023495,0.03006240123342748,7,10,0.03005818662470785,0.030058184145464437,7.241641514265098
292,4,386.2942002442002,0.14061381688050972,0.015891647167796473,7,10,0.015890751118793546,0.015890750592922713,7.111676662968165
293,1,0.0,0.15664470805581215,0.027785418700250503,21,9,0.027785463420329427,0.027785463414115377,6.38387349570534
294,14,1228.9172869857248,0.1669789075456053,0.07151872029527029,7,8,0.07151784616255308,0.07151784561711924,5.988780347762665
295,8,329.01347514988163,0.15626295815803193,0.04178091685399943,7,9,0.04177911538354556,0.04177911430302471,6.399469277860973
296,1,0.0,0.0014925373134328358,6.618767256786766e-27,102,1,2.0820666763358972e-44,1.6772661354052667e-45,670.0
297,1,0.0,0.13257043521194853,0.00711657600295531,7,10,0.007116542126668291,0.007116542101206432,7.543159969273982
298,4,4.416666666666667,0.12330750095675469,0.0038921294737294223,21,10,0.0038921348485683196,0.003892134843559263,8.109806720928608
299,5,3288.196026877878,0.12244411298060938,0.0019159296205723242,17,7,0.001915925507715517,0.0019159255039044737,8.166991255499259
300,3,194.10232878232873,0.12267838105391411,0.0027330124321136764,6,10,0.0027329787868319837,0.002732978764692807,8.151395473343626
301,0,0.0,0.0,0.0,103,0,0.0,0.0,0.0
302,2,0.0,0.0029850746268656717,5.552224396041952e-20,69,1,1.1446282602181242e-32,1.8441736187530056e-33,335.0
303,1,0.0,0.12267838105391411,0.001922238778148135,17,8,0.001922214955388722,0.0019222149391332538,8.151395473343626
304,2,0.0,0.05800956016059629,7.411812211235923e-09,17,12,7.411737746140946e-09,7.4117376326634875e-09,17.238537876025173
305,3,85.99427806995128,0.14528678360463543,0.023883194258798583,4,10,0.023883298054984025,0.023883298167991257,6.882938524685563
306,13,1581.6046107469317,0.16426959990822998,0.10579382708455738,4,9,0.10579492629174803,0.10579492707624924,6.087553634748334
307,0,0.0,0.0,0.0,104,0,0.0,0.0,0.0
308,2,40.57777777777778,0.03258302455241195,1.8305605897825692e-09,13,8,4.370096019234159e-14,2.247038370676244e-14,30.690827930704646
309,1,0.0,0.12884105927162579,0.006410354656002623,7,10,0.006410207576680703,0.006410207482938032,7.761500919452829
310,0,0.0,0.0,0.0,105,0,0.0,0.0,0.0
311,10,3263.3427061358534,0.18045000140012882,0.09440831073614749,14,7,0.09440831241385442,0.09440831236566694,5.541701259301216
312,5,990.7992509454014,0.1605673635163083,0.030766860186790115,14,7,0.030767002842053658,0.03076700293059507,6.2279156741490205
313,6,309.17288694931597,0.1583207419691665,0.04004822275099059,7,8,0.04004798780412465,0.04004798764354525,6.316291773030936
314,1,0.0,0.0014925373134328358,6.618767256786766e-27,66,1,2.0820666763358972e-44,1.6772661354052667e-45,670.0
315,1,0.0,0.10668868635193418,0.0007335790929092859,4,11,0.0007335913064674101,0.0007335913140491979,9.373065075534795
316,1,0.0,0.001990049751243781,1.3555235341899296e-23,106,2,1.0916025736027949e-38,1.758741015198713e-39,502.5
317,2,0.0,0.024637339617700964,3.190639499919218e-10,13,9,7.613927686463181e-15,3.91496661635583e-15,40.58879795940058
318,0,0.0,0.0,0.0,107,0,0.0,0.0,0.0
319,4,0.0,0.04665542718302177,2.8354190394879115e-08,2,6,6.769149858998877e-13,3.480596305070005e-13,21.43373365926241
320,2,1.0,0.0029850746268656717,2.711047068379859e-23,106,1,2.1832051472055898e-38,1.758741015198713e-39,335.0
321,3,0.0,0.14517713320191494,0.02507812756602417,4,9,0.02507823381239025,0.0250782339189838,6.88813711873744
322,7,86.80866464802295,0.15871262499384267,0.06102663663998679,21,9,0.06102737569068163,0.06102737596443898,6.300695990875304
323,0,0.0,0.0,0.0,108,0,0.0,0.0,0.0
324,2,334.76913462354656,0.15351931483841763,0.019609574599341664,21,9,0.01960941508825224,0.019609414992752806,6.513838347002274
325,0,0.0,0.0,0.0,109,0,0.0,0.0,0.0
326,0,0.0,0.0,0.0,110,0,0.0,0.0,0.0
327,1,0.0,0.0014925373134328358,6.618767256786766e-27,111,1,2.0820666763358972e-44,1.6772661354052667e-45,670.0
328,5,604.4811394314551,0.13730171412743564,0.012329614285432049,7,10,0.012328745718966158,0.01232874520520127,7.283230266680116
329,2,0.0,0.0029850746268656717,5.552224396041952e-20,112,1,1.1446282602181242e-32,1.8441736187530056e-33,335.0
330,0,0.0,0.0,0.0,113,0,0.0,0.0,0.0
331,1,0.0,0.10330811036119084,0.00020486717633995914,17,9,0.00020486313858685578,0.0002048631358327791,9.679782124595556
332,2,0.0,0.1126227760494949,0.0019903116083274737,7,11,0.001990031520197045,0.0019900313556887443,8.879198640606452
333,2,11.76025641025641,0.12474688812745609,0.0018713379876242754,17,8,0.0018713151162108583,0.0018713151026707934,8.016232027994818
334,3,2.6666666666666665,0.12354508766380044,0.00331842308849462,21,10,0.003318431910077872,0.0033184319083552965,8.094210938772978
335,0,0.0,0.0,0.0,114,0,0.0,0.0,0.0
336,1,0.0,0.08917927746524679,5.948356404204579e-05,92,12,5.948501915437257e-05,5.948502007001303e-05,11.213367369899364
337,3,0.75,0.12307082629081083,0.0031934726017027694,21,10,0.003193480492652227,0.003193480490757634,8.12540250308424
338,4,31.333333333333325,0.03890106255426468,1.2859074256889242e-08,2,7,3.069855005188305e-13,1.578473725404384e-13,25.706238707620365
339,4,15.177380952380942,0.12747495128730107,0.005105121231735002,21,10,0.005105107086732547,0.005105107071298944,7.844678424282865
340,0,0.0,0.0,0.0,115,0,0.0,0.0,0.0
341,0,0.0,0.0,0.0,116,0,0.0,0.0,0.0
342,9,2.7595238095238095,0.1460589988553814,0.05380891795685151,26,10,0.05381056940685579,0.05381057051152517,6.846548366322422
343,0,0.0,0.0,0.0,117,0,0.0,0.0,0.0
344,5,217.3308802308802,0.036476061252180655,5.226655223275333e-09,13,7,1.2476954734821372e-13,6.415463588608594e-14,27.415240726963546
345,5,1970.6590641653338,0.1611052776319408,0.03423556300101809,6,9,0.034235501383306215,0.03423550130860136,6.207121297941512
346,4,61.3951370427495,0.16151108437660563,0.06114032733892633,4,9,0.06114059724113579,0.061140597407459335,6.19152551578588
347,3,193.36646875711602,0.12823980099502488,0.004833124910699355,20,10,0.0048331000744510485,0.004833100053047914,7.79789107781597
348,2,0.0,0.14398181249441414,0.022758875035065088,4,10,0.022759294566468972,0.022759294843803197,6.945321653308091
349,1,0.0,0.15290914268087227,0.01945274255720097,7,9,0.019452585599781864,0.019452585505889203,6.53983131726166
350,7,454.17091517615665,0.1677068016499889,0.08212561855489263,4,9,0.08212596873027832,0.08212596894374422,5.962787377503279
351,4,36.60097771433352,0.12613750917543431,0.00993001112089772,4,10,0.00993012296810445,0.009930123031518141,7.927855929112902
352,0,0.0,0.0,0.0,118,0,0.0,0.0,0.0
353,21,2914.25169678809,0.17376666801493884,0.101340326469697,7,9,0.10133411975082743,0.10133411610773946,5.754843615428186
354,1,0.0,0.0026652452025586353,1.3278466294042954e-19,53,4,1.5458596762753828e-31,2.775159289363426e-32,375.2
355,4,49.10360195360195,0.14430585258254863,0.019982745564130114,7,10,0.019981940260112505,0.01998193977401329,6.929725871152458
356,0,0.0,0.0,0.0,119,0,0.0,0.0,0.0
357,2,0.0,0.02674911158493248,4.1833519627444174e-10,2,9,9.986888965275574e-15,5.13510908288949e-15,37.38441917313211
358,3,27.764646911396145,0.13076798197997097,0.010646134339252915,14,8,0.010646301267869406,0.010646301388595679,7.647131850311529
359,1,0.0,0.10253715431371924,0.0002243018157160362,1,10,0.00022429991227554462,0.000224299910494471,9.75256244132184
360,0,0.0,0.0,0.0,120,0,0.0,0.0,0.0
361,0,0.0,0.0,0.0,121,0,0.0,0.0,0.0
362,2,0.0,0.12410303322099184,0.0028240001518103864,1,10,0.0028238607631788704,0.002823860680741209,8.057820780409834
363,9,327.6270267431352,0.15206300513244056,0.047013767968728866,4,9,0.04701400715993271,0.04701400745136277,6.576221475624801
364,1,0.0,0.0014925373134328358,6.618767256786766e-27,122,1,2.0820666763358972e-44,1.6772661354052667e-45,670.0
365,0,0.0,0.0,0.0,123,0,0.0,0.0,0.0
366,0,0.0,0.0,0.0,124,0,0.0,0.0,0.0
367,3,33.5015722210146,0.15702832774901004,0.03786639909118322,21,9,0.037866345422086674,0.03786634538512804,6.368277713549709
368,2,3.0069805194805195,0.12849679458419325,0.014774887366509485,7,10,0.01477510002327869,0.014775100147809748,7.782295295660338
369,4,47.5,0.02956480754124116,1.017983272916973e-09,13,8,2.4299129872172768e-14,1.2494253292887895e-14,33.82399829950048
370,2,358.0,0.1263861376429286,0.005429813942673368,7,10,0.005429779091129261,0.005429779069304604,7.91226014695727
371,3,358.0,0.12798383332836813,0.004804430214997313,20,10,0.004804406253305606,0.004804406232484935,7.813486859971602
372,3,0.3333333333333333,0.1266357481846855,0.006462091779755603,14,8,0.006462203359420134,0.006462203442555714,7.896664364801639
373,9,131.5655758561906,0.1525453620083563,0.05299709044344049,4,9,0.05299737339505515,0.052997373731323565,6.555427099417292
374,0,0.0,0.0,0.0,125,0,0.0,0.0,0.0
375,2,0.0,0.0033921302578018993,7.152634442399958e-19,53,4,8.316488157883921e-31,1.4929001482766633e-31,294.8
376,6,132.14764118409545,0.14923173118117714,0.04709433466034755,21,9,0.04709491295109472,0.04709491322313979,6.700987732869857
377,1,0.0,0.12806904227199556,0.00526946128724786,7,10,0.005269378583774622,0.005269378535683062,7.808288265919725
378,4,358.0,0.16539957136073716,0.05210117610104785,20,9,0.052101029982892094,0.05210102984947061,6.045964882333315
379,0,0.0,0.0,0.0,126,0,0.0,0.0,0.0
380,37,8270.871826367225,0.20507430862743847,0.25988750803787297,4,8,0.2598875782022657,0.2598875781797465,4.87628122066092
381,1,0.0,0.11918197118496736,0.0015773122067782297,7,10,0.0015772925234519713,0.0015772925119580423,8.390530799729984
382,2,1770.0,0.07372928382236002,1.0216516526497571e-06,17,10,1.0216451121686301e-06,1.0216451054113056e-06,13.56313188134791
383,3,47.5,0.03013580167830376,6.139618981418508e-10,13,8,1.4656216081727647e-14,7.536009935105859e-15,33.183122542246785
384,11,2402.782689925781,0.1777816095125114,0.09396630992725255,7,9,0.09396485366309208,0.09396485275283427,5.624878764131252
385,3,144.8036075036075,0.04000935493472806,9.253941028182833e-09,2,7,2.2092077762305578e-13,1.135941745695223e-13,24.99415453289404
386,2,0.0,0.1394921693201866,0.014808626602246439,7,9,0.014808622959837394,0.014808622957421707,7.168861197538815
387,13,301.6295680868973,0.1605673635163083,0.09275699777101756,21,9,0.09275829579635404,0.09275829633104209,6.2279156741490205
388,34,6239.33036746461,0.2016349072248819,0.26211391318111543,4,8,0.26211543545983723,0.2621154363652613,4.959458725490957
389,1,0.0,0.001990049751243781,1.3555235341899296e-23,127,2,1.0916025736027949e-38,1.758741015198713e-39,502.5
390,2,0.0,0.0029850746268656717,5.552224396041952e-20,112,1,1.1446282602181242e-32,1.8441736187530056e-33,335.0
391,1,0.0,0.0014925373134328358,6.618767256786766e-27,128,1,2.0820666763358972e-44,1.6772661354052667e-45,670.0
392,1,0.0,0.0014925373134328358,6.618767256786766e-27,73,1,2.0820666763358972e-44,1.6772661354052667e-45,670.0
393,0,0.0,0.0,0.0,129,0,0.0,0.0,0.0
394,1,0.0,0.0014925373134328358,6.618767256786766e-27,102,1,2.0820666763358972e-44,1.6772661354052667e-45,670.0
395,1,0.0,0.11651102452606742,0.001846381374632522,4,10,0.0018463832388539486,0.0018463832385532855,8.582878779649445
396,12,799.1436507936506,0.04944818162707589,4.289444147031857e-08,2,6,1.0240477291145098e-12,5.265501323655913e-13,20.223190562227654
397,1,0.0,0.14842569559609362,0.020935945998653446,4,9,0.020935959397137716,0.020935959394838558,6.737377891232998
398,3,10.081168831168831,0.15134516246462418,0.04216301160593627,4,9,0.04216326633188256,0.042163266486614885,6.607413039936064
399,4,31.333333333333325,0.03890106255426468,1.2859074256889242e-08,2,7,3.069855005188305e-13,1.578473725404384e-13,25.706238707620365
400,2,47.5,0.042555404794210765,9.463509803492155e-09,2,6,2.2594165565114554e-13,1.1617587352103833e-13,23.498777765968754
401,0,0.0,0.0,0.0,130,0,0.0,0.0,0.0
402,6,1496.2365362969692,0.1674148838055155,0.05441931772681434,20,9,0.05441914565010844,0.05441914549818763,5.973184565607033
403,3,0.0,0.03007127105372495,1.3640707061056609e-09,13,8,3.256317522727861e-14,1.6743500953566644e-14,33.25433095971942
404,4,28.561235475051266,0.16668951602472903,0.06509357614375577,4,9,0.06509388696820607,0.06509388721115754,5.999177535866419
405,2,0.0,0.15923816348719977,0.04056799428292644,7,9,0.04056801606234819,0.04056801607593611,6.279901614667794
406,1,0.0,0.10018734452736318,0.00021725004726172347,21,11,0.00021725114749236515,0.000217251147381386,9.981300579604442
407,8,612.6869978103153,0.15871262499384267,0.04704252803112389,7,9,0.047042628502498206,0.0470426285872262,6.300695990875304
408,0,0.0,0.0,0.0,131,0,0.0,0.0,0.0
409,1,0.0,0.021022879613906514,1.3847126441347959e-11,31,10,3.303893095576103e-16,1.6988137392531885e-16,47.56722287171857
410,2,0.0,0.1231496168326103,0.002902927386574526,21,10,0.0029029313751759633,0.002902931372546748,8.120203909032364
411,7,3.7490657003814905,0.14661562613760468,0.050449632165100795,26,10,0.05045100517108131,0.05045100608990685,6.8205553960630345
412,4,33.26372133574206,0.15845115444195826,0.061757210172019524,4,9,0.06175788737059524,0.06175788778612369,6.311093178979058
413,3,0.0,0.03007127105372495,1.3640707061056609e-09,13,8,3.256317522727861e-14,1.6743500953566644e-14,33.25433095971942
414,0,0.0,0.0,0.0,132,0,0.0,0.0,0.0
415,1,0.0,0.0026533996683250414,1.8706157260395011e-19,39,3,1.96556771951071e-31,3.5061821465803644e-32,376.875
416,4,31.333333333333325,0.03890106255426468,1.2859074256889242e-08,2,7,3.069855005188305e-13,1.578473725404384e-13,25.706238707620365
417,5,22.77967189180004,0.131035219000366,0.015192033049153286,7,9,0.015190726331825903,0.01519072555539903,7.631536068155897
418,1,0.0,0.15664470805581215,0.027785418700250503,21,9,0.027785463420329427,0.027785463414115377,6.38387349570534
419,1,0.0,0.08503965583224461,1.813322507625173e-05,6,12,1.8133113803949582e-05,1.8133113678731898e-05,11.759219745346483
420,0,0.0,0.0,0.0,133,0,0.0,0.0,0.0
421,5,125.37142857142854,0.04486672070955128,1.982283034130064e-08,2,6,4.732541197764874e-13,2.4334026477572427e-13,22.288234668934003
422,0,0.0,0.0,0.0,134,0,0.0,0.0,0.0
423,1,0.0,0.0579920715985943,6.814738431163912e-09,17,12,6.814664792948739e-09,6.814664692233715e-09,17.24373647007705
424,0,0.0,0.0,0.0,135,0,0.0,0.0,0.0
425,6,60.536283365401694,0.14154503421084424,0.02274735646117648,7,9,0.02274538907673378,0.022745387911819508,7.064889316501269
426,2,46.19621107112517,0.12705396399771288,0.0029803775476152147,1,9,0.0029803522851471085,0.0029803522660766615,7.870671394542253
427,12,1278.718914699078,0.17221101297451863,0.10470608707579768,4,8,0.1047063499903431,0.10470635024375562,5.806829555946959
428,0,0.0,0.0,0.0,136,0,0.0,0.0,0.0
429,1,0.0,0.0014925373134328358,6.618767256786766e-27,12,1,2.0820666763358972e-44,1.6772661354052667e-45,670.0
430,10,65.6982121485823,0.14259429317460143,0.03796129684024396,7,10,0.037956364663771516,0.03795636176311601,7.0129033759824955
431,4,194.3521279307575,0.15016370139932655,0.02708147413011198,7,9,0.027080513412412535,0.027080512857845972,6.659398980454838
432,1,0.0,0.12806904227199556,0.00526946128724786,7,10,0.005269378583774622,0.005269378535683062,7.808288265919725
433,1,0.0,0.15664470805581215,0.027785418700250503,21,9,0.027785463420329427,0.027785463414115377,6.38387349570534
434,1,0.0,0.0022388059701492534,3.0689900016268873e-22,37,3,2.130665339764924e-36,2.77721963194929e-37,446.6666666666667
435,1,0.0,0.0014925373134328358,6.618767256786766e-27,128,1,2.0820666763358972e-44,1.6772661354052667e-45,670.0
436,2,0.0,0.12588985699773383,0.009269168500786741,4,10,0.009269316795546538,0.009269316901320181,7.943451711268534
437,1,0.0,0.021086011384518846,7.313870478950317e-12,48,10,1.746720844812391e-16,8.981392861172205e-17,47.424806036773305
438,0,0.0,0.0,0.0,137,0,0.0,0.0,0.0
439,1,0.0,0.15290914268087227,0.01945274255720097,7,9,0.019452585599781864,0.019452585505889203,6.53983131726166
440,3,5.333333333333333,0.03619402985074627,5.807638495229845e-09,2,7,1.3863852172563173e-13,7.128584894092025e-14,27.628865979381445
441,3,58.83485863477371,0.1556308264502729,0.02914479380923547,7,9,0.029144535628635507,0.02914453546647016,6.425462248120359
442,2,0.0,0.12458529889413038,0.003498494387141814,1,10,0.003498335246032132,0.003498335150634201,8.026629216098572
443,0,0.0,0.0,0.0,138,0,0.0,0.0,0.0
444,2,0.0,0.1345172737710051,0.01845749520744999,21,10,0.01845785141324676,0.018457851592848885,7.433989494184558
445,1,0.0,0.0579920715985943,6.814738431163912e-09,17,12,6.814664792948739e-09,6.814664692233715e-09,17.24373647007705
446,5,1.5833333333333333,0.08997179676919426,0.00011150554744993868,56,12,0.00011150492990719822,0.00011150492914634134,11.114594082913696
447,2,0.0,0.03198925645122905,1.1677303267693383e-09,2,8,2.7878910079118023e-14,1.4334922676342214e-14,31.260495270485706
448,1,0.0,0.0014925373134328358,6.618767256786766e-27,122,1,2.0820666763358972e-44,1.6772661354052667e-45,670.0
449,1,0.0,0.031416741794383786,1.4498121047870185e-09,2,8,3.4611816907108414e-14,1.7796881489244384e-14,31.830162610266765
450,4,771.3895134333777,0.1546299851226184,0.022207989333293175,21,9,0.02220782966236692,0.02220782956317927,6.467051000535378
451,2,25.348667835432554,0.14430585258254863,0.019331328305936504,4,10,0.019331394707176607,0.019331394783138105,6.929725871152458
452,16,1814.0795937311384,0.19140268805227595,0.17386982814611698,4,8,0.17387019952948415,0.17387019973778853,5.224587022136699
453,3,24.264735067515378,0.1604334457819327,0.05327334869482905,4,9,0.05327357958130137,0.05327357973974199,6.233114268200899
454,2,8.8,0.10728371527748874,0.0007719261621405827,20,11,0.0007719154313920887,0.0007719154235051482,9.321079135016022
455,1,0.0,0.0014925373134328358,6.618767256786766e-27,72,1,2.0820666763358972e-44,1.6772661354052667e-45,670.0
456,1,0.0,0.0014925373134328358,6.618767256786766e-27,139,1,2.0820666763358972e-44,1.6772661354052667e-45,670.0
457,4,1553.8153209591212,0.15588306441858776,0.020325117173691967,20,9,0.020324941991169368,0.020324941885359275,6.415065060016604
458,1,0.0,0.0014925373134328358,6.618767256786766e-27,140,1,2.0820666763358972e-44,1.6772661354052667e-45,670.0
459,0,0.0,0.0,0.0,141,0,0.0,0.0,0.0
460,1,0.0,0.14661562613760468,0.02111525172572547,4,9,0.021115430462566327,0.021115430570046913,6.8205553960630345
461,7,964.4288460068932,0.1649740150021761,0.0669652082016879,7,9,0.06696490431436572,0.06696490413295499,6.061560664488947
462,0,0.0,0.0,0.0,142,0,0.0,0.0,0.0
463,1,0.0,0.09705333072277361,0.0001181334879269296,14,8,0.00011813394747809808,0.00011813394769115034,10.303613410820835
464,0,0.0,0.0,0.0,143,0,0.0,0.0,0.0
465,0,0.0,0.0,0.0,144,0,0.0,0.0,0.0
466,12,315.93534457157926,0.15793078940274,0.08107398144764251,26,9,0.08107579339448594,0.08107579459855543,6.331887555186567
467,8,53.01405940143647,0.14865510161710765,0.04665295797820502,4,10,0.04665331101056697,0.04665331136530895,6.726980703129244
468,2,26.161094357998394,0.1239431066317895,0.002402557763068017,17,8,0.0024025323918933665,0.0024025323737948906,8.06821796851359
469,0,0.0,0.0,0.0,145,0,0.0,0.0,0.0
470,1,0.0,0.0014925373134328358,6.618767256786766e-27,62,1,2.0820666763358972e-44,1.6772661354052667e-45,670.0
471,1,0.0,0.0014925373134328358,6.618767256786766e-27,35,1,2.0820666763358972e-44,1.6772661354052667e-45,670.0
472,34,7800.53171282448,0.19688812844681403,0.22637420663711594,4,9,0.226374826758499,0.22637482736492145,5.079026388684135
473,2,79.71289111497023,0.15110738530442835,0.021383049960931075,17,9,0.02138285778301566,0.02138285766130411,6.61781022803982
474,2,42.13346105648737,0.11859414395347553,0.004790535591154704,4,10,0.004790605857735442,0.004790605897897383,8.432119552145002
475,8,2174.3254991021727,0.15923816348719977,0.03243150188730154,21,9,0.03243155783315995,0.032431557822511094,6.279901614667794
476,1,0.0,0.12747495128730107,0.006324718238205236,4,9,0.006324815408765512,0.006324815476634929,7.844678424282865
477,0,0.0,0.0,0.0,146,0,0.0,0.0,0.0
478,6,296.0541080557386,0.12806904227199556,0.007584702712592895,21,10,0.007584693160300681,0.007584693143513796,7.808288265919725
479,1,0.0,0.12236622232349702,0.0017893118639909676,17,9,0.0017892876712405144,0.0017892876568633353,8.172189849551136
480,2,358.0,0.12671917094370047,0.002784356223278883,1,9,0.0027843367208557077,0.0027843367054511447,7.891465770749762
481,4,2464.25,0.13395522388059702,0.005903726307869498,56,10,0.005903709922726703,0.005903709907934085,7.465181058495822
482,2,0.0,0.15110738530442835,0.027812024512526397,4,9,0.027812148852256892,0.0278121489253119,6.61781022803982
483,1,0.0,0.14842569559609362,0.020935945998653446,4,9,0.020935959397137716,0.020935959394838558,6.737377891232998
484,0,0.0,0.0,0.0,147,0,0.0,0.0,0.0
485,1,0.0,0.0014925373134328358,6.618767256786766e-27,140,1,2.0820666763358972e-44,1.6772661354052667e-45,670.0
486,1,0.0,0.08668756263746612,5.3551675276207526e-05,20,12,5.354986262752627e-05,5.354986139601545e-05,11.535680201115758
487,4,199.0833333333333,0.032658799028115235,2.2516650599783807e-09,2,8,5.375755370333318e-14,2.7641338768976305e-14,30.619619513232013
488,2,135.33333333333334,0.139796294689344,0.007691110398165852,17,8,0.00769107093577446,0.00769107090554092,7.153265415383183
489,7,3.9728752241910144,0.14661562613760468,0.050203238854744946,26,10,0.05020459750617001,0.050204598415299784,6.8205553960630345
490,2,0.0,0.03312095184455083,3.55081900108896e-09,2,7,8.476225270500679e-14,4.3583475324934484e-14,30.192369008396216
491,3,26.56330026750423,0.13157298323702962,0.012773741895005093,4,9,0.012773803155842398,0.012773803224571459,7.600344503844632
492,1,0.0,0.13508406003689416,0.007605320218562984,14,8,0.007605321540716499,0.007605321535196243,7.402797929873294
493,1,0.0,0.11532356204588567,0.0017121001254476447,4,10,0.0017121225310849808,0.0017121225441482971,8.671254878531359
494,0,0.0,0.0,0.0,148,0,0.0,0.0,0.0
495,1,0.0,0.022577626337764552,2.766825302561345e-10,2,10,6.6059944696292266e-15,3.396704645665298e-15,44.291635667977474
496,9,1060.2535353535357,0.05051540856866745,3.389427738328022e-08,2,6,8.091874467985101e-13,4.1607217539483163e-13,19.79594005739186
497,4,8.68646581146319,0.14506764818441728,0.028105265959691504,4,9,0.028105498118157157,0.028105498325247225,6.893335712789318
498,1,0.0,0.12346579043166708,0.004009394115180652,7,10,0.004009200585634723,0.004009200468178917,8.099409532824854
499,5,2.465079365079365,0.13681344345130678,0.030629676536278815,4,10,0.030630094829881827,0.030630095067921668,7.309223236939502
500,2,0.0,0.12410303322099184,0.0028240001518103864,1,10,0.0028238607631788704,0.002823860680741209,8.057820780409834
501,8,3011.3517522395964,0.15897495991118785,0.023861535263991634,17,7,0.02386132757970078,0.02386132744249574,6.29029880277155
502,1,0.0,0.0014925373134328358,6.618767256786766e-27,149,1,2.0820666763358972e-44,1.6772661354052667e-45,670.0
503,1,0.0,0.0014925373134328358,6.618767256786766e-27,139,1,2.0820666763358972e-44,1.6772661354052667e-45,670.0
504,0,0.0,0.0,0.0,150,0,0.0,0.0,0.0
505,0,0.0,0.0,0.0,151,0,0.0,0.0,0.0
506,0,0.0,0.0,0.0,152,0,0.0,0.0,0.0
507,0,0.0,0.0,0.0,153,0,0.0,0.0,0.0
508,1,0.0,0.021022879613906514,1.3847126441347959e-11,31,10,3.303893095576103e-16,1.6988137392531885e-16,47.56722287171857
509,21,4228.709022974482,0.18914424925519893,0.1494237240306673,4,8,0.14942407864158355,0.14942407896639667,5.2869701507592275
510,5,437.7918703916613,0.15845115444195826,0.04967112635412026,4,8,0.04967171913829892,0.04967171957033246,6.311093178979058
511,1,0.0,0.001990049751243781,1.3555235341899296e-23,127,2,1.0916025736027949e-38,1.758741015198713e-39,502.5
512,4,29.183333333333337,0.12402301837043025,0.0055681551596428545,21,10,0.005568164996133373,0.005568164992235618,8.063019374461712
513,2,0.0,0.0029850746268656717,5.552224396041952e-20,69,1,1.1446282602181242e-32,1.8441736187530056e-33,335.0
514,5,203.43340548340555,0.041795486851456995,1.4150981736258995e-08,13,7,3.3782060870055954e-13,1.7370231843757964e-13,23.92602827080455
515,0,0.0,0.0,0.0,154,0,0.0,0.0,0.0
516,4,282.0,0.0292568407960199,5.362273764687565e-10,31,8,1.279938427115566e-14,6.5812548189889905e-15,34.180040386863645
517,2,96.0,0.026698257760626523,1.766118001293361e-09,2,9,4.2164838380799056e-14,2.168053262408738e-14,37.45562759060474
518,5,2.4497152847152845,0.1456167308800434,0.03703498196755291,26,10,0.03703595714002209,0.037035957790158704,6.867342742529931
519,7,246.23400214572285,0.12755948374836693,0.004749106464917573,20,10,0.004749036870330518,0.0047490368250109665,7.839479830230988
520,2,13.93745421245421,0.13175322020036803,0.006144694217960727,7,10,0.006144647672768626,0.006144647647721595,7.589947315740877
521,0,0.0,0.0,0.0,155,0,0.0,0.0,0.0
522,1,0.0,0.12159273166405646,0.00226776390657117,21,10,0.0022677681028992823,0.002267768102140213,8.224175790069909
523,1,0.0,0.13386200521401345,0.007548382338901479,7,9,0.007548304436555676,0.007548304382729153,7.470379652547699
524,1,0.0,0.10651146262045254,0.00046776286093311124,17,11,0.00046776164148049077,0.00046776163987034033,9.388660857690429
525,0,0.0,0.0,0.0,156,0,0.0,0.0,0.0
526,3,0.0,0.08988771097782118,6.606445931596688e-05,56,12,6.606410262384106e-05,6.606410214732018e-05,11.12499127101745
527,1,0.0,0.13266186309830158,0.005768871620017716,17,10,0.005768855980385738,0.005768855966407667,7.537961375222105
528,1,0.0,0.12299213650417987,0.002355059446455235,7,10,0.002354999224368819,0.0023549991890782136,8.130601097136118
529,10,5103.511808864837,0.1517032346155657,0.01808555121860818,14,6,0.01808558103826809,0.01808558105290604,6.591817257780433
530,0,0.0,0.0,0.0,157,0,0.0,0.0,0.0
531,1,0.0,0.12655243519245876,0.0027662868600545477,1,9,0.002766267623656803,0.0027662676084664016,7.901862958853516
532,2,0.0,0.16029975124378107,0.03539073891881349,14,8,0.03539078496104593,0.03539078494931162,6.238312862252776
533,6,16.12985846796542,0.14854031003284734,0.04986862294123262,4,9,0.04986919440304385,0.04986919473399457,6.732179297181121
534,0,0.0,0.0,0.0,158,0,0.0,0.0,0.0
535,1,0.0,0.03695600942655145,6.7205024823448105e-09,2,7,1.6043830656684764e-13,8.249498426751319e-14,27.059198639600382
536,2,1.0,0.0029850746268656717,2.711047068379859e-23,127,1,2.1832051472055898e-38,1.758741015198713e-39,335.0
537,0,0.0,0.0,0.0,159,0,0.0,0.0,0.0
538,2,96.0,0.024637339617700964,4.6714509017127794e-11,48,9,1.1149011113140636e-15,5.732649293904902e-16,40.58879795940058
539,1,0.0,0.10734358342217483,0.0007025800646631147,14,9,0.0007025966432711453,0.000702596654865517,9.315880540964146
540,0,0.0,0.0,0.0,160,0,0.0,0.0,0.0
541,2,323.57795413698324,0.14430585258254863,0.020955885307222154,4,10,0.020956256089765434,0.020956256334678677,6.929725871152458
542,1,0.0,0.0014925373134328358,6.618767256786766e-27,81,1,2.0820666763358972e-44,1.6772661354052667e-45,670.0
543,2,0.0,0.0029850746268656717,5.552224396041952e-20,112,1,1.1446282602181242e-32,1.8441736187530056e-33,335.0
544,2,305.03855311355306,0.15327466254385444,0.019603494122457623,17,9,0.01960333454275253,0.019603334447254327,6.524235535106028
545,4,1.1904151404151402,0.12346579043166708,0.012231685537004634,4,10,0.01223178102862476,0.012231781145061557,8.099409532824854
546,0,0.0,0.0,0.0,161,0,0.0,0.0,0.0
547,47,19211.90525157079,0.221103105163836,0.34491335539546564,21,8,0.34491358431380764,0.34491358423895874,4.5227768251332625
548,2,564.4833333333332,0.04444077082939732,9.282372834714103e-09,48,6,2.216167129016004e-13,1.1395205095606953e-13,22.501859921351897
549,0,0.0,0.0,0.0,162,0,0.0,0.0,0.0
550,2,358.0,0.0925251089430194,7.966364703836478e-05,8,11,7.966406833974807e-05,7.96640688817826e-05,10.807877033852934
551,6,170.04920634920634,0.04094251773203951,2.1158299917490835e-08,2,7,5.051243042224146e-13,2.597273963477977e-13,24.424487193112977
552,5,190.0,0.03250760088446655,1.0996029166565041e-08,2,8,2.6252430959460114e-13,1.349861045653658e-13,30.76203634817728
553,1,0.0,0.15664470805581215,0.027785418700250503,21,9,0.027785463420329427,0.027785463414115377,6.38387349570534
554,1,0.0,0.1136206151757456,0.001685624240002515,4,11,0.0016856680683801305,0.0016856680974181536,8.801219729828292
555,5,581.4,0.03657105099502487,1.8094361024704844e-09,48,7,4.319159710438057e-14,2.220846572746095e-14,27.344032309490917
556,1,0.0,0.0014925373134328358,6.618767256786766e-27,163,1,2.0820666763358972e-44,1.6772661354052667e-45,670.0
557,0,0.0,0.0,0.0,164,0,0.0,0.0,0.0
558,18,1681.13972398041,0.1825044606191056,0.1750454238985034,4,9,0.17504675024041255,0.17504675099900457,5.4793181306786884
559,2,2.0,0.0033582089552238806,4.965730134404271e-22,37,2,3.447488938390991e-36,4.4936357587174246e-37,297.77777777777777
560,1,0.0,0.0014925373134328358,6.618767256786766e-27,165,1,2.0820666763358972e-44,1.6772661354052667e-45,670.0
561,2,31.313456682206713,0.1458375295621966,0.021294456697226783,7,10,0.021293927168315675,0.021293926892107642,6.856945554426177
562,1,0.0,0.0014925373134328358,6.618767256786766e-27,46,1,2.0820666763358972e-44,1.6772661354052667e-45,670.0
563,3,715.0,0.15715661886645205,0.02815078957060656,21,9,0.028150836026882394,0.02815083602059108,6.363079119497831
564,11,122.87288665027019,0.16029975124378107,0.08787000930440045,21,9,0.08787120544772782,0.08787120593357402,6.238312862252776
565,2,358.0,0.14683946678819643,0.02125317385593444,4,9,0.021253355205393672,0.021253355314421907,6.81015820795928
566,0,0.0,0.0,0.0,166,0,0.0,0.0,0.0
567,4,294.4999999999993,0.10764392920679199,0.0005434559694422536,56,11,0.000543454360537774,0.0005434543583759464,9.28988757070476
568,3,0.8333333333333333,0.03734915846300413,1.4578272498949658e-08,2,7,3.480215224597866e-13,1.7894746791656256e-13,26.774364969709854
569,4,12.46735846796542,0.14706399196677164,0.03340301576695696,4,9,0.033403391687805324,0.03340339190580346,6.799761019855525
570,2,2.0,0.12037528253600582,0.001945864275119789,21,10,0.001945842362308272,0.00194584234879019,8.307353294899947
571,0,0.0,0.0,0.0,167,0,0.0,0.0,0.0
572,6,1001.8333333333318,0.10776453865128141,0.0005540999827682503,56,11,0.0005540983120023274,0.000554098309730272,9.279490382601004
573,3,24.224922982298814,0.15550501333268982,0.04229660228731859,4,9,0.04229687244365526,0.04229687264170831,6.430660842172236
574,5,232.2432881574731,0.16178275987597754,0.0402327898954466,7,9,0.04023153405977621,0.04023153331277707,6.181128327682126
575,2,358.0,0.1440896640393538,0.02092459437832756,4,10,0.02092496413605138,0.020924964380379385,6.940123059256213
576,0,0.0,0.0,0.0,168,0,0.0,0.0,0.0
577,11,800.0634648751678,0.1604334457819327,0.05974482783675704,7,9,0.05973977341068557,0.05973977042603409,6.233114268200899
578,0,0.0,0.0,0.0,169,0,0.0,0.0,0.0
579,0,0.0,0.0,0.0,170,0,0.0,0.0,0.0
580,12,1733.3542874431607,0.17827590499771762,0.09370118006624036,7,8,0.09370053258914217,0.09370053213753447,5.609282981975621
581,0,0.0,0.0,0.0,171,0,0.0,0.0,0.0
582,0,0.0,0.0,0.0,172,0,0.0,0.0,0.0
583,0,0.0,0.0,0.0,173,0,0.0,0.0,0.0
584,2,1068.0,0.11874055647687488,0.0014665090534334733,14,7,0.0014665133600511456,0.0014665133618887828,8.421722364041248
585,11,667.6104472232444,0.16654519609743493,0.0991043079286932,21,9,0.09910536262966241,0.0991053630695688,6.004376129918296
586,1,0.0,0.0014925373134328358,6.618767256786766e-27,82,1,2.0820666763358972e-44,1.6772661354052667e-45,670.0
587,12,984.0236315668753,0.16683408629014512,0.07227819739671239,7,9,0.07227350106474821,0.072273498256453,5.993978941814542
588,3,47.5,0.02944084608404518,3.5684128150915194e-10,48,8,8.519934896042771e-15,4.3808258928290325e-15,33.96641513444575
589,4,143.0,0.03744875621890547,8.68795059694906e-09,2,7,2.0740850504753538e-13,1.0664636193967632e-13,26.70315655223722
590,3,4.0,0.004776119402985075,7.3008666991911395e-19,39,2,7.672020800355729e-31,1.368538082621956e-31,209.375
591,4,23.00761520004302,0.1361356698460986,0.014586277055141438,7,10,0.014584929701202533,0.014584928905215698,7.345613395302644
592,2,714.0,0.13330540643973482,0.009106689225498609,92,10,0.009106790910531215,0.00910679097410572,7.501571216858962
593,5,865.0333333333333,0.04530091478093404,1.1435040043271402e-08,2,6,2.7301099687213626e-13,1.4037823649524233e-13,22.074609416516104
594,8,1102.5144963439836,0.14594818019160646,0.03782504435569545,4,10,0.03782526271017968,0.037825262981424794,6.851746960374299
595,7,106.74705683459422,0.1583207419691665,0.0695458796334535,4,9,0.0695464690309836,0.06954646936293737,6.316291773030936
596,7,839.4753524554221,0.15950224004356328,0.02923417150007597,7,9,0.02923367515074205,0.029233674856613736,6.26950442656404
597,3,65.47575832868482,0.15075211715716091,0.031302440840963314,4,9,0.031302544255194305,0.031302544371466075,6.6334060101954515
598,4,0.0,0.16712398044529742,0.08379069294109528,4,9,0.08379143721103348,0.08379143764349506,5.983581753710787
599,1,0.0,0.09971990746113911,0.00015434318117135592,17,8,0.00015434265473572518,0.00015434265427587802,10.028087926071336
600,0,0.0,0.0,0.0,174,0,0.0,0.0,0.0
601,0,0.0,0.0,0.0,175,0,0.0,0.0,0.0
602,3,47.5,0.02944084608404518,3.5684128150915194e-10,48,8,8.519934896042771e-15,4.3808258928290325e-15,33.96641513444575
603,1,0.0,0.0014925373134328358,6.618767256786766e-27,149,1,2.0820666763358972e-44,1.6772661354052667e-45,670.0
604,2,714.0,0.09744665729105234,0.00011891530501452641,14,8,0.00011891577196646271,0.00011891577218271077,10.262024658405815
605,1,0.0,0.12997277127874143,0.007041207614862979,4,10,0.007041243264321551,0.007041243287163017,7.693919196778423
606,0,0.0,0.0,0.0,176,0,0.0,0.0,0.0
607,9,692.5316032437835,0.16178275987597754,0.05509903722735542,7,9,0.05509588654668983,0.05509588467645394,6.181128327682126
608,8,225.35549529450017,0.15702832774901004,0.05717674953241697,4,9,0.05717708567293066,0.0571770860008996,6.368277713549709
609,0,0.0,0.0,0.0,177,0,0.0,0.0,0.0
610,1,0.0,0.13266186309830158,0.005768871620017716,17,10,0.005768855980385738,0.005768855966407667,7.537961375222105
611,1,0.0,0.12082895822395562,0.0016373532478124262,20,10,0.0016373316742864868,0.0016373316615324917,8.276161730588681
612,1,0.0,0.099771629404843,0.0001450853213916048,17,10,0.00014508251691878273,0.0001450825151919818,10.02288933201946
613,1,0.0,0.1313035505068514,0.008163989729237046,7,10,0.008163249448609867,0.008163249013632677,7.615940286000264
614,2,7.423088023088023,0.15087035411179398,0.02755178757034089,4,9,0.027551842895132413,0.027551842918370113,6.6282074161435744
615,7,1861.3022421816027,0.15845115444195826,0.022211437458499746,17,8,0.022211240816795853,0.02221124069748844,6.311093178979058
616,1,0.0,0.032965454418050585,1.4456297109483256e-09,2,7,3.4507713863978946e-14,1.774334492334508e-14,30.334785843341486
617,8,6.410909412225203,0.14672746109270582,0.05366866273112086,26,10,0.05367016650418697,0.05367016751071768,6.8153568020111575
618,0,0.0,0.0,0.0,178,0,0.0,0.0,0.0
619,2,190.0,0.02950269660102847,2.9071516424080983e-10,48,8,6.941526001206547e-15,3.569231950167841e-15,33.895206716973114
620,2,358.0,0.12252210286148875,0.0018009997347142425,17,9,0.0018009751930467156,0.0018009751784606493,8.16179266144738
621,1,0.0,0.13067914503569109,0.006444601649761145,7,10,0.006444362056382912,0.0064443619091361665,7.652330444363406
622,1,0.0,0.001990049751243781,1.3555235341899296e-23,106,2,1.0916025736027949e-38,1.758741015198713e-39,502.5
623,1,0.0,0.0014925373134328358,6.618767256786766e-27,111,1,2.0820666763358972e-44,1.6772661354052667e-45,670.0
624,35,14211.254605857564,0.2137330016583748,0.2414751397817418,7,8,0.24147378400745242,0.24147378321692028,4.678734646689581
625,1,0.0,0.0014925373134328358,6.618767256786766e-27,165,1,2.0820666763358972e-44,1.6772661354052667e-45,670.0
626,7,23.046629511639114,0.15845115444195826,0.06176029427554064,21,9,0.06176104687737583,0.06176104715115426,6.311093178979058
627,1,0.0,0.12806904227199556,0.00526946128724786,7,10,0.005269378583774622,0.005269378535683062,7.808288265919725
628,0,0.0,0.0,0.0,179,0,0.0,0.0,0.0
629,3,0.0,0.030864359521075933,6.04387504957313e-09,2,8,1.4428691738189342e-13,7.419018659673356e-14,32.39982995004783
630,1,0.0,0.12646923175051764,0.004197159834471609,20,10,0.00419714193271162,0.004197141916887452,7.907061552905393
631,1,0.0,0.13508406003689416,0.007605320218562984,14,8,0.007605321540716499,0.007605321535196243,7.402797929873294
632,0,0.0,0.0,0.0,180,0,0.0,0.0,0.0
633,2,0.0,0.003411513859275053,6.01175024970364e-19,39,3,6.317950954622422e-31,1.1270006924655988e-31,293.125
634,1,0.0,0.12267838105391411,0.001922238778148135,17,8,0.001922214955388722,0.0019222149391332538,8.151395473343626
635,2,2.5,0.10364208054554812,0.0008282561562784858,21,11,0.0008282569893642103,0.0008282569873864795,9.648590560284294
636,1,0.0,0.032965454418050585,1.4456297109483256e-09,2,7,3.4507713863978946e-14,1.774334492334508e-14,30.334785843341486
637,0,0.0,0.0,0.0,181,0,0.0,0.0,0.0
638,0,0.0,0.0,0.0,182,0,0.0,0.0,0.0
639,5,455.1656565656567,0.04058752480372703,6.23468220628231e-09,2,7,1.4883967719479548e-13,7.653113934821197e-14,24.638112445530876
640,0,0.0,0.0,0.0,183,0,0.0,0.0,0.0
641,15,1200.5878066378073,0.052205515175054104,5.031444256657401e-08,2,6,1.201173249814314e-12,6.176254227888446e-13,19.155064300138164
642,0,0.0,0.0,0.0,184,0,0.0,0.0,0.0
643,0,0.0,0.0,0.0,185,0,0.0,0.0,0.0
644,6,0.14285714285714285,0.14572704658525554,0.04408617563359077,26,10,0.04408744945877199,0.044087450310231764,6.862144148478054
645,1,0.0,0.15290914268087227,0.01945274255720097,7,9,0.019452585599781864,0.019452585505889203,6.53983131726166
646,2,0.0,0.14865510161710765,0.022782327373285966,4,9,0.022782342635991666,0.022782342633391843,6.726980703129244
647,2,0.0,0.12120964177223524,0.007006550192927567,4,10,0.007006599594334501,0.007006599644428586,8.250168760329295
648,13,2703.91965484843,0.1681465922137564,0.06541189583395145,7,9,0.06541119040416596,0.06541119000012495,5.947191595347646
649,3,0.0,0.047125112691575675,2.2192328812298657e-08,2,6,5.298145357377054e-13,2.7242277385470963e-13,21.220108406844513
650,4,1.3333333333333333,0.029135443116368363,5.950412755050707e-10,31,8,1.420266913824206e-14,7.302802188277576e-15,34.32245722180891
651,7,4.4156713169871065,0.14661562613760468,0.05036362079628065,26,10,0.050364988395735825,0.050364989310864514,6.8205553960630345
652,0,0.0,0.0,0.0,186,0,0.0,0.0,0.0
653,2,0.0,0.14528678360463543,0.027319875903045257,26,10,0.02732045412225845,0.0273204545060556,6.882938524685563
654,3,78.88927920135191,0.16597040680978198,0.05102779602895697,7,9,0.051027697468511095,0.05102769737864796,6.025170506125806
655,2,0.0,0.11962668003267246,0.0024492000034496775,20,10,0.0024491660694815863,0.0024491660464736895,8.35933923541872
656,3,0.0,0.1530307887768793,0.05288931023763498,4,9,0.05289005254464702,0.052890053007296337,6.534632723209783
657,1,0.0,0.0014925373134328358,6.618767256786766e-27,163,1,2.0820666763358972e-44,1.6772661354052667e-45,670.0
658,2,0.0,0.12588985699773383,0.009269168500786741,4,10,0.009269316795546538,0.009269316901320181,7.943451711268534
659,20,3031.5399711399723,0.05950543890715912,5.7445955180361114e-08,2,5,1.3713469963099314e-12,7.051260738358166e-13,16.80518652354129
660,6,2.9166666666666665,0.09001389868625986,0.00015448133335859378,56,12,0.00015448048052102892,0.00015448047950919816,11.109395488861818
661,0,0.0,0.0,0.0,187,0,0.0,0.0,0.0
662,3,47.0,0.03734915846300413,8.50357955931226e-09,2,7,2.0300708797146336e-13,1.0438321913526011e-13,26.774364969709854
663,1,0.0,0.12159273166405646,0.00226776390657117,21,10,0.0022677681028992823,0.002267768102140213,8.224175790069909
664,4,251.73600011100004,0.13067914503569109,0.003626177034190835,17,7,0.0036261502357828315,0.003626150218850326,7.652330444363406
665,10,2126.3958155408586,0.17663884434576427,0.112307471704321,4,9,0.11230832030697153,0.11230832083308656,5.661268922494394
666,2,0.0,0.0298793267704033,2.6933105575005105e-09,2,8,6.430010135640853e-14,3.3062158068082056e-14,33.46795621213732
667,4,699.560317460317,0.04574359472993339,1.0295038148387263e-08,13,6,2.4578966638329083e-13,1.2638142651566817e-13,21.860984164098205
668,0,0.0,0.0,0.0,188,0,0.0,0.0,0.0
669,0,0.0,0.0,0.0,189,0,0.0,0.0,0.0
670,8,28.836915861915863,0.12418315138317451,0.022557961619671718,4,10,0.022558130167234586,0.022558130380140574,8.052622186357958
671,3,358.0,0.16178275987597754,0.039301532467648566,7,9,0.03930120290087557,0.039301202696740964,6.181128327682126
